seed,target,n_samples,balm_rmse,mint_rmse,rmse_diff,balm_pearson,mint_pearson,pearson_diff
42,DSVTQMQGQVTLSENDFLFINCTYSTTGYPTLFWYVQYSGEGPQLLLQVTTANNKGSSRGFEATYDKGTTSFHLQKTSVQEIDSAVYYCAANSGTYQRFGTGTKLQVVPNIQNPDPAVYQLRDSKSSDKSVCLFTDFDSQTNVSQSKDSDVYITDKCVLDMRSMDFKSNSAVAWSNKSDFACANAFNNSIIPEDTFFPSAVTQSPRNKVAVTGGKVTLSCNQTNNHNNMYWYRQDTGHGLRLIHYSYGAGSTEKGDIPDGYKASRPSQENFSLILELATPSQTSVYFCASGDFWGDTLYFGAGTRLSVLEDLKNVFPPEVAVFEPSEAEISHTQKATLVCLATGFYPDHVELSWWVNGKEVHSGVCTDPQPLKEQPALNDSRYALSSRLRVSATFWQNPRNHFRCQVQFYGLSENDEWTQDRAKPVTQIVSAEAW,36,0.46389351353158376,0.9289627643517177,0.4650692508201339,0.3184440644499074,0.10886229745414021,-0.2095817669957672
42,ELKVEQNPLFLSMQEGKNYTIYCNYSTTSDRLYWYRQDPGKSLESLFVLLSNGAVKQEGRLMASLDTKARLSTLHITAAVHDLSATYFCAVGGGSNYQLIWGAGTKLIIKPNIQNPDPAVYQLRDSKSSDKSVCLFTDFDSQTNVSQSKDSDVYITDKCVLDMRSMDFKSNSAVAWSNKSDFACANAFNNSIIPEDTFFPSAGVTQSPTHLIKTRGQQVTLRCSPKSGHDTVSWYQQALGQGPQFIFQYYEEEERQRGNFPDRFSGHQFPNYSSELNVNALLLGDSALYLCASSRTGSTYEQYFGPGTRLTVTEDLKNVFPPEVAVFEPSEAEISHTQKATLVCLATGFYPDHVELSWWVNGKEVHSGVCTDPQPLKEQPALNDSRYALSSRLRVSATFWQNPRNHFRCQVQFYGLSENDEWTQDRAKPVTQIVSAEAWGRAD,6,0.4097303662356342,0.7911746664990903,0.3814443002634561,0.5572140797216161,-0.003922087340922281,-0.5611361670625383
42,IQVEQSPPDLILQEGANSTLRCNFSDSVNNLWWFHQNPWGQLINLFYIPSGTKQNGRLSATTVATERYSLLYISSSQTTDSGVYFCAVDSATALPYGYIFGTGTRLKVLANIQNPDPAVYQLRDSKSSDKSVCLFTDFDSQTNVSQSKDSDVYITDKCVLDMRSMDFKSNSAVAWSNKSDFACANAFNNSIIPEDTFFPSAGVTQTPKFQVLKTGQSMTLQCAQDMNHEYMSWYRQDPGMGLRLIHYSIHPEYTDQGEVPNGYNVSRSTTEDFPLRLLSAAPSQTSVYFCASSYQGTEAFFGQGTRLTVVEDLNKVFPPEVAVFEPSEAEISHTQKATLVCLATGFYPDHVELSWWVNGKEVHSGVCTDPQPLKEQPALNDSRYALSSRLRVSATFWQDPRNHFRCQVQFYGLSENDEWTQDRAKPVTQIVSAEAWGRAD,6,2.2468437487982422,2.452141803218831,0.2052980544205889,0.01432313988053055,-0.01591239215560622,-0.03023553203613677
42,IQVEQSPPDLILQEGANSTLRCNFSDSVNNLWWFHQNPWGQLINLFYIPSGTKQNGRLSATTVATERYSLLYISSSQTTDSGVYFCAVDSATSGTYKYIFGTGTRLKVLAAGVTQTPKFQVLKTGQSMTLQCAQDMNHEYMSWYRQDPGMGLRLIHYSVGAGITDQGEVPNGYNVSRSTTEDFPLRLLSAAPSQTSVYFCASSYQGTEAFFGQGTRLTVVE,9,0.8324453662334421,0.6575648084953634,-0.17488055773807876,0.015904496922262756,0.42078063563178014,0.4048761387095174
42,KEVEQNSGPLSVPEGAIASLNCTYSDRGSQAFFWYRQYSGKSPELIMSIYSNGDKEDGRFTAQLNKASQYVSLLIRDSQPSDSATYLCAVTTDSWGKLQFGAGTQVVVTPDIQNPGVTQTPKFQVLKTGQSMTLQCAQDMNHEYMSWYRQDPGMGLRLIHYSVGAGITDQGEVPNGYNVSRSTTEDFPLRLLSAAPSQTSVYFCASRPGLAGGRPEQYFGPGTRLTVTEDLKNVFPPEVAVFLVCLATGFYPDHVELSWWVNGKEVHSGVSTDPQPLYALSSRLRVSATFWQNPRNHFRCQVQFYGLAKPVTQIVSAEAWGRAD,7,0.5160579344860243,0.6391587771192381,0.12310084263321375,0.09031249880464,0.06608021535326804,-0.02423228345137196
42,KEVEQNSGPLSVPEGAIASLNCTYSDRGSQSFFWYRQYSGKSPELIMFIYSNGDKEDGRFTAQLNKASQYVSLLIRDSQPSDSATYLCAVNFGGGKLIFGQGTELSVKPNIQNPDPAVYQLRDSKSSDKSVCLFTDFDSQTNVSQSKDSDVYITDKCVLDMRSMDFKSNSAVAWSNKSDFACANAFNNSIIPEDTFFPSIAGITQAPTSQILAAGRRMTLRCTQDMRHNAMYWYRQDLGLGLRLIHYSNTAGTTGKGEVPDGYSVSRANTDDFPLTLASAVPSQTSVYFCASSLSFGTEAFFGQGTRLTVVEDLNKVFPPEVAVFEPSEAEISHTQKATLVCLATGFYPDHVELSWWVNGKEVHSGVCTDPQPLKEQPALNDSRYALSSRLRVSATFWQDPRNHFRCQVQFYGLSENDEWTQDRAKPVTQIVSAEAWGRAD,11,0.9462713340342372,1.5900601619899624,0.6437888279557251,0.10693712267446387,0.027680195592491685,-0.07925692708197218
42,KEVEQNSGPLSVPEGAIASLNCTYSDRGSQSFFWYRQYSGKSPELIMSIYSNGDKEDGRFTAQLNKASQYVSLLIRDSQPSDSATYLCAVTTDSWGKLQFGAGTQVVVTPDIQNPDPAVYQLRDSKSSDKSVCLFTDFDSQTNVSQSKDSDVYITDKTVLDMRSMDFKSNSAVAWSNKSDFACANAFNNSIIPEDTFFPSNAGVTQTPKFQVLKTGQSMTLQCAQDMNHEYMSWYRQDPGMGLRLIHYSVGAGITDQGEVPNGYNVSRSTTEDFPLRLLSAAPSQTSVYFCASRPGLAGGRPEQYFGPGTRLTVTEDLKNVFPPEVAVFEPSEAEISHTQKATLVCLATGFYPDHVELSWWVNGKEVHSGVSTDPQPLKEQPALNDSRYALSSRLRVSATFWQDPRNHFRCQVQFYGLSENDEWTQDRAKPVTQIVSAEAWGRAD,13,0.7313010596508936,1.1837384411613627,0.4524373815104691,0.4188547072974972,0.13663353639401887,-0.2822211709034783
42,KEVEQNSGPLSVPEGAIASLNCTYSDRGSQSFFWYRQYSGKSPELIMSIYSNGDKEDGRFTAQLNKASQYVSLLIRDSQPSDSATYLCAVTTDSWGKLQFGAGTQVVVTPDIQNPGVTQTPKFQVLKTGQSMTLQCAQDMNHEYMSWYRQDPGMGLRLIHYSVGAGITDQGEVPNGYNVSRSTTEDFPLRLLSAAPSQTSVYFCASRPGLAGGRPEQYFGPGTRLTVTEDLKNVFPPEVAVFLVCLATGFYPDHVELSWWVNGKEVHSGVSTDPQPLYALSSRLRVSATFWQNPRNHFRCQVQFYGLAKPVTQIVSAEAWGRAD,90,0.9176747455520942,0.9637881768055989,0.046113431253504755,0.1474758788016795,-0.005388010682331544,-0.15286388948401106
42,KEVEQNSGPLSVPEGAIASLNCTYSDRGSVSFFWYRQYSGKSPELIMSIYSNGDKEDGRFTAQLNKASQYVSLLIRDSQPSDSATYLCAVTTDSWGKLQFGAGTQVVVTPDIQNPGVTQTPKFQVLKTGQSMTLQCAQDMNHEYMSWYRQDPGMGLRLIHYSVGAGITDQGEVPNGYNVSRSTTEDFPLRLLSAAPSQTSVYFCASRPGLAGGRPEQYFGPGTRLTVTEDLKNVFPPEVAVFLVCLATGFYPDHVELSWWVNGKEVHSGVSTDPQPLYALSSRLRVSATFWQNPRNHFRCQVQFYGLAKPVTQIVSAEAWGRAD,9,0.9378245951818848,1.246552116218711,0.3087275210368262,0.13648701706526714,0.7213865715931544,0.5848995545278873
42,KEVEQNSGPLSVPEGAIASLNCTYSYRGSQSFFWYRQYSGKSPELIMFIYSNGDKEDGRFTAQLNKASQYVSLLIRDSQPSDSATYLCAVNFGGGKLIFGQGTELSVKPNIQNPDPAVYQLRDSKSSDKSVCLFTDFDSQTNVSQSKDSDVYITDKCVLDMRSMDFKSNSAVAWSNKSDFACANAFNNSIIPEDTFFPSIAGITQAPTSQILAAGRRMTLRCTQDMRHNAMYWYRQDLGLGLRLIHYSNTAGTTGKGEVPDGYSVSRANTDDFPLTLASAVPSQTSVYFCASSWSFGTEAFFGQGTRLTVVEDLNKVFPPEVAVFEPSEAEISHTQKATLVCLATGFYPDHVELSWWVNGKEVHSGVCTDPQPLKEQPALNDSRYALSSRLRVSATFWQDPRNHFRCQVQFYGLSENDEWTQDRAKPVTQIVSAEAWGRAD,8,1.6462685723216182,1.3529860918931962,-0.293282480428422,0.5173601100986528,0.7141744598085964,0.1968143497099436
42,KQEVEQNSGPLSVPEGAIASLNCTYSFLGSQSFFWYRQYSGKSPELIMFTYREGDKEDGRFTAQLNKASQHVSLLIRDSQPSDSATYLCAVNDGGRLTFGDGTTLTVKPNIQNPDPAVYQLRDSKSSDKSVCLFTDFDSQTNVSQSKDSDVYITDKCVLDMRSMDFKSNSAVAWSNKSDFACANAFNNSIIPEDTFFMSQTIHQWPATLVQPVGSPLSLECTVEGTSNPNLYWYRQAAGRGPQLLFYWGPFGQISSEVPQNLSASRPQDRQFILSSKKLLLSDSGFYLCAWSETGLGMGGWQFGEGSRLTVLEDLKNVFPPEVAVFEPSEAEISHTQKATLVCLATGFYPDHVELSWWVNGKEVHSGVCTDPQPLKEQPALNDSRYALSSRLRVSATFWQDPRNHFRCQVQFYGLSENDEWTQDRAKPVTQIVSAEAWGRAD,11,1.4031100642913275,1.6228337369149195,0.21972367262359205,0.2497121345325987,0.3659932988652432,0.11628116433264449
42,KQEVEQNSGPLSVPEGAIASLNCTYSFLGSQSFFWYRQYSGKSPELIMFTYREGDKEDGRFTAQLNKASQHVSLLIRDSQPSDSATYLCAVNDGGRLTFGDGTTLTVKPNIQNPDPAVYQLRDSKSSDKSVCLFTDFDSQTNVSQSKDSDVYITDKCVLDMRSMDFKSNSAVAWSNKSDFACANAFNNSIIPEDTFMSQTIHQWPATLVQPVGSPLSLECTVEGTSNPNLYWYRQAAGRGPQLLFYWGPFGQISSEVPQNLSASRPQDRQFILSSKKLLLSDSGFYLCAWSETGLGMGGWQFGEGSRLTVLEDLKNVFPPEVAVFEPSEAEISHTQKATLVCLATGFYPDHVELSWWVNGKEVHSGVCTDPQPLKEQPALNDSRYALSSRLRVSATFWQDPRNHFRCQVQFYGLSENDEWTQDRAKPVTQIVSAEAWGRAD,7,1.723332758826609,1.8369403464526188,0.11360758762600986,-0.03433424635639119,0.6294959201612176,0.6638301665176087
42,KTTQPNSMESNEEEPVHLPCNHSTISGTDYIHWYRQLPSQGPEYVIHGLTSNVNNRMASLAIAEDRKSSTLILHRATLRDAAVYYCILPLAGGTSYGKLTFGQGTILTVHPNIQNPDPAVYQLRDSKSSDKSVCLFTDFDSQTNVSQSKDSDVYITDKTVLDMRSMDFKSNSAVAWSNKSDFACANAFNNSIIPEDTFFPSGVSQSPRYKVAKRGQDVALRCDPISGHVSLFWYQQALGQGPEFLTYFQNEAQLDKSGLPSDRFFAERPEGSVSTLKIQRTQQEDSAVYLCASSLGQAYEQYFGPGTRLTVTEDLKNVFPPEVAVFEPSEAEISHTQKATLVCLATGFYPDHVELSWWVNGKEVHSGVSTDPQPLKEQPALNDSRYALSSRLRVSATFWQNPRNHFRCQVQFYGLSENDEWTQDRAKPVTQIVSAEAWGRAD,16,0.7526989754770803,0.8823661838877295,0.12966720841064916,0.10028431602869911,-0.13546002726998738,-0.2357443432986865
42,LNVEQSPQSLHVQEGDSTNFTCSFPSSNFYALHWYRWETAKSPEALFVMTLNGDEKKKGRISATLNTKEGYSYLYIKGSQPEDSATYLCARNTGNQFYFGTGTSLTVIPMGVTQTPKFQVLKTGQSMTLQCAQDMNHEYMSWYRQDPGMGLRLIHYSVGAGITDQGEVPNGYNVSRSTTEDFPLRLLSAAPSQTSVYFCASSPVTGGIYGYTFGSGTRLTVVE,7,0.7262962690650829,0.5771310675228086,-0.1491652015422743,0.1748895699129896,-0.43289962243712365,-0.6077891923501133
42,MQIFVKTLTGKTITLEVEPSDTIENVKAKIQDKEGIPPDQQRLIFAGKQLEDGRTLSDYNIQKESTLHLVLRXXXXXXXXXXXXXXXXXXXXXXXXXXXXXXXXXXXXXXXXXXXXXX,6,0.8134847867652468,5.310222245567743,4.496737458802496,0.5406223734852171,-0.266152612899396,-0.8067749863846132
42,NTIRVFLPNKQRTVVNVRNGMSLHDCLMKALKVRGLQPECCAVFRLLHEHKGKKARLDWNTDAASLIGEELQVDFL,8,1.20871437087621,1.9166296751840504,0.7079153043078403,0.2897416309104499,-0.5954349770425504,-0.8851766079530003
42,QEVEQNSGPLSVPEGAIASLNCTYSDRGSQSFFWYRQYSGKSPELIMFIYSNGDKEDGRFTAQLNKASQYVSLLIRDSQPSDSATYLCAVNVAGKSTFGDGTTLTVKPNIQNPDPAVYQLRDSKSSDKSVCLFTDFDSQTNVSQSKDSDVYITDKCVLDMRSMDFKSNSAVAWSNKSDFACANAFNNSIIPEDTSQTIHQWPATLVQPVGSPLSLECTVEGTSNPNLYWYRQAAGRGLQLLFYSVGIGQISSEVPQNLSASRPQDRQFILSSKKLLLSDSGFYLCAWSETGLGTGELFFGEGSRLTVLEDLKNVFPPEVAVFEPSEAEISHTQKATLVCLATGFYPDHVELSWWVNGKEVHSGVCTDPQPLKEQPALNDSRYALSSRLRVSATFWQDPRNHFRCQVQFYGLSENDEWTQDRAKPVTQIVSAEAWGRAD,5,0.3780156693283604,0.9927496628909147,0.6147339935625543,-0.5094993667878329,-0.6025755364159304,-0.0930761696280975
42,QEVTQIPAALSVPEGENLVLNCSFTDSAIYNLQWFRQDPGKGLTSLLLIQSSQREQTSGRLNASLDKSSGRSTLYIAASQPGDSATYLCAVRPTSGGSYIPTFGRGTSLIVHPYIQNPDPAVYQLRDSKSSDKSVCLFTDFDSQTNVSQSKDSDVYITDKCVLDMRSMDFKSNSAVAWSNKSDFACANAFNNSIIPEDTFFPSGVTQTPKFQVLKTGQSMTLQCAQDMNHEYMSWYRQDPGMGLRLIHYSVGAGITDQGEVPNGYNVSRSTTEDFPLRLLSAAPSQTSVYFCASSYVGNTGELFFGEGSRLTVLEDLKNVFPPEVAVFEPSEAEISHTQKATLVCLATGFYPDHVELSWWVNGKEVHSGVCTDPQPLKEQPALNDSRYALSSRLRVSATFWQDPRNHFRCQVQFYGLSENDEWTQDRAKPVTQIVSAEAWGRAD,33,0.4266796797328902,0.5110114767369563,0.08433179700406612,0.12352930656318145,0.1277848514562167,0.004255544893035257
42,QKEVEQNSGPLSVPEGAIASLNCTYSFLGSQSFFWYRQYSGKSPELIMFTYREGDKEDGRFTAQLNKASQHVSLLIRDSQPSDSATYLCAVNDGGRLTFGDGTTLTVKPNIQNPDPAVYQLRDSKSSDKSVCLFTDFDSQTNVSQSKDSDVYITDKCVLDMRSMDFKSNSAVAWSNKSDFACANAFNNSIIPEDTFFMSQTIHQWPATLVQPVGSPLSLECTVEGTSNPNLYWYRQAAGRGPQLLFYWGPFGQISSEVPQNLSASRPQDRQFILSSKKLLLSDSGFYLCAWSETGLGMGGWQFGEGSRLTVLEDLKNVFPPEVAVFEPSEAEISHTQKATLVCLATGFYPDHVELSWWVNGKEVHSGVCTDPQPLKEQPALNDSRYALSSRLRVSATFWQDPRNHFRCQVQFYGLSENDEWTQDRAKPVTQIVSAEAWGRAD,7,1.7257655606589717,1.8193784191294406,0.09361285847046896,-0.025930142053267505,0.6247079028108321,0.6506380448640996
42,QKVTQAQTEISVVEKEDVTLDCVYETRDTTYYLFWYKQPPSGELVFLIRRNSFDEQNEISGRYSWNFQKSTSSFNFTITASQVVDSAVYFCALSGFYNTDKLIFGTGTRLQVFPNIQNPDPAVYQLRDSKSSDKSVCLFTDFDSQTNVSQSKDSDVYITDKCVLDMRSMDFKSNSAVAWSNKSDFACANAFNNSIIPEDTFFPSGVTQTPKFQVLKTGQSMTLQCAQDMNHNSMYWYRQDPGMGLRLIYYSASEGTTDKGEVPNGYNVSRLNKREFSLRLESAAPSQTSVYFCASPGLAGEYEQYFGPGTRLTVTEDLKNVFPPEVAVFEPSEAEISHTQKATLVCLATGFYPDHVELSWWVNGKEVHSGVCTDPQPLKEQPALNDSRYALSSRLRVSATFWQNPRNHFRCQVQFYGLSENDEWTQDRAKPVTQIVSAEAWGRAD,51,0.5065423642571796,0.5416580834517023,0.03511571919452272,-0.22969708493683183,0.27906309111491756,0.5087601760517494
42,QLLEQSPQFLSIQEGENLTVYCNSSSVFSSLQWYRQEPGEGPVLLVTVVTGGEVKKLKRLTFQFGDARKDSSLHITAAQPGDTGLYLCAGAGSQGNLIFGKGTKLSVKPNIQNPDPAVYQLRDSKSSDKSVCLFTDFDSQTNVSQSKDSDVYITDKTVLDMRSMDFKSNSAVAWSNKSDFACANAFNNSIIPEDTFFPSPGITQSPKYLFRKEGQNVTLSCEQNLNHDAMYWYRQDPGQGLRLIYYSQIVNDFQKGDIAEGYSVSREKKESFPLTVTSAQKNPTAFYLCASSSRSSYEQYFGPGTRLTVTEDLKNVFPPEVAVFEPSEAEISHTQKATLVCLATGFYPDHVELSWWVNGKEVHSGVSTDPQPLKEQPALNDSRYSLSSRLRVSATFWQNPRNHFRCQVQFYGLSENDEWTQDRAKPVTQIVSAEAWGRADQ,27,0.6534153074053304,0.3797793551764673,-0.27363595222886306,0.20617107774736354,0.1646751389394437,-0.04149593880791985
42,QQVKQNSPSLSVQEGRISILNCDYTNSMFDYFLWYKKYPAEGPTFLISISSIKDKNADGRFTVFLNKSAKHLSLHIVPSQPGDSAVYFCAAMEGAQKLVFGQGTRLTINPNIQNPDPAVYQLRDSKSVCLFTDFDSQTNVSQSKDSDVYITDKTVLDMRFKSNSAVAWSNKSDFACANAFNNSIIPEDTFGVTQTPKFQVLKTGQSMTLQCAQDMNHEYMSWYRQDPGMGLRLIHYSVGAGITDQGEVPNGYNVSRSTTEDFPLRLLSAAPSQTSVYFCASSYPGGGFYEQYFGPGTRLTVTEDLKNVFPPEVAVFEPSEAEISHTQKATLVCLATGFYPDHVELSWWVNGKEVHSGVSTDPQPLKEQPALNDSRYALSSRLRVSATFWQDPRNHFRCQVQFYGLSENDEWTQDRAKPVTQIVSAEAWGRAD,15,0.8299970718678312,0.8148116466892905,-0.015185425178540712,0.0050156892202620484,0.16688172232378873,0.16186603310352668
42,QQVKQNSPSLSVQEGRISILNCDYTNSMFNYFLWYKKYPAEGPTFLISISSIKDKNADGRFTVFLNKSAKHLSLHIVPSQPGDSAVYFCAAMEGAQKLVFGQGTRLTINPNIQNPDPAVYQLRDSKSVCLFTDFDSQTNVSQSKDSDVYITDKTVLDMRFKSNSAVAWSNKSDFACANAFNNSIIPEDTFGVTQTPKFQVLKTGQSMTLQCAQDMNHEYMSWYRQDPGMGLRLIHYSVGAGITDQGEVPNGYNVSRSTTEDFPLRLLSAAPSQTSVYFCASSYPGGGFYEQYFGPGTRLTVTEDLKNVFPPEVAVFEPSEAEISHTQKATLVCLATGFYPDHVELSWWVNGKEVHSGVSTDPQPLKEQPALNDSRYALSSRLRVSATFWQDPRNHFRCQVQFYGLSENDEWTQDRAKPVTQIVSAEAWGRAD,6,0.31179173043589903,0.35012458946557196,0.03833285902967293,-0.023927908038621104,-0.04507947698672235,-0.021151568948101246
42,QQVRQSPQSLTVWEGETAILNCSYENSAFDYFPWYQQFPGEGPALLIAIRSVSDKKEDGRFTIFFNKREKKLSLHITDSQPGDSATYFCAASRDSGQKLVFGQGTILKVYLHIQNPDPAVYQLRDSKSSDKSVCLFTDFDSQTNVSQSKDSDVYITDKCVLDMRSMDFKSNSAVAWSNFACANAFNNSIIPEDTFFPAVTQSPRNKVAVTGGKVTLSCNQTNNHNNMYWYRQDTGHGLRLIHYSYGAGSTEKGDIPDGYKASRPSQENFSLILELATPSQTSVYFCASGDFWGDTLYFGAGTRLSVLEDLKNVFPPEVAVFEPSEAEISHTQKATLVCLATGFYPDHVELSWWVNGKEVHSGVCTDPQPLKEQPALNDSRYALSSRLRVSATFWQNPRNHFRCQVQFYGLSENDEWTQDRAKPVTQIVSAEAWGR,36,0.5833297347268709,1.214051017486059,0.6307212827591882,0.19443340938683104,-0.15732542343603248,-0.3517588328228635
42,QSLFLSVREGDSSVINCTYTDSSSTYLYWYKQEPGAGLQLLTYIFSNMDMKQDQRKTVLLNKKDKHLSLRIADTQTGDSAIYFCAEDNNARLMFGDGTQLVVKPNIQNPDPAVYQLRDSKSSDKSVCLFTDFDSQTNVSQSKDSDVYITDKCVLDMRSMDFKSNSAVAWSNKSDFACANAFNNSIIPEDTFFPSPGAVVSQHPSWVICKSGTSVKIECRSLDFQATTMFWYRQFPKQSLMLMATSNEGSKATYEQGVEKDKFLINHASLTLSTLTVTSAHPEDSSFYICSARDGTGNGYTFGSGTRLTVVEDLNKVFPPEVAVFEPSEAEISHTQKATLVCLATGFYPDHVELSWWVNGKEVHSGVCTDPQPLKEQPALNDSRYALSSRLRVSATFWQDPRNHFRCQVQFYGLSENDEWTQDRAKPVTQIVSAEAWGRAD,6,0.6851668173340949,1.1186358758105344,0.43346905847643946,0.09959974138760819,0.9176246078184636,0.8180248664308554
42,QVEQSPSALSLHEGTGSALRCNFTTTMRAVQWFQQNSRGSLINLFYLASGTKENGRLKSTFNSKESYSTLHIRDAQLEDSGTYFCAALRATGGNNKLTFGQGTVLSVIPDIQNPDPAVYQLRDSKSSDKSVCLFTDFDSQTNVSQDSDVYITDKCVLDMRSMDFKSNSAVAWSFACANAFNNSIIPEDTFFPSPMKVIQTPRYLVKGQGQKAKMRCIPEKGHPVVFWYQQNKNNEFKFLINFQNQEVLQQIDMTEKRFSAECPSNSPCSLEIQSSEAGDSALYLCASSLNWSQDTQYFGPGTRLLVLEDLKNVFPPEVAVFEPSEAEISHTQKATLVCLATGFYPDHVELSWWVNGKEVHSGVCTDPQPLKEQPALNDSRYALSSRLRVSATFWQNPRNHFRCQVQFYGLSENDEWTQDRAKPVTQIVSAEAWGRA,25,0.7223552267199201,0.9088795507458455,0.18652432402592534,0.08996786063205446,0.10281562816927035,0.012847767537215893
42,QVRQSPQSLTVWEGETAILNCSYENSAFDYFPWYQQFPGEGPALLIAIRSVSDKKEDGRFTIFFNKREKKLSLHITDSQPGDSATYFCAASKGADRLTFGKGTQLIIQPYIQNPDPAVYQLRDSKSSDKSVCLFTDFDSETNVSESKDSDVYITDKCVLDMRSMDFKSNSAVAWSNKAAFACANAFNNSIIPEDTFFPSAVTQSPRNKVAVTGGKVTLSCDQTNNHNNMYWYRQDTGHGLRLIHYSYGAGSTEKGDIPDGYKASRPSQEDFSLILELATPSQTSVYFCASGDFWGDTLYFGAGTRLSVLEDLKNVFPPEVAVFEPSEAEISHTQKATLVCLATGFYPDHVELSWWVNGKEVHSGVCTDPQPLKEQPALNDSRYALSSRLRVSATFWQNPRNHFRCQVQFYGLSENDEWTQDRAKPVTQIVSAEAWGRA,36,0.6341514782603962,1.3997363490775565,0.7655848708171603,0.17883277069574394,-0.20090028005462773,-0.37973305075037167
42,TSNTIAVFLPNKQRTVVNVRNGMSLHDCLMKALKVRGLQPECCAVFRLLHEHKGKKARLDWNTDAASLIGEELQVDFL,7,0.7659299568813676,1.502371444225792,0.7364414873444245,-0.4030860569554449,0.616686211263619,1.019772268219064
42,TSNTIRVFLPNKQRAVVNVRNGMSLHDCLMKALKVRGLQPECCAVFRLLHEHKGKKARLDWNTDAASLIGEELQVDFL,8,0.6382956904285303,1.6549578197237431,1.016662129295213,-0.793524961638584,0.6093923023383195,1.4029172639769034
42,TSNTIRVFLPNKQRTAVNVRNGMSLHDCLMKALKVRGLQPECCAVFRLLHEHKGKKARLDWNTDAASLIGEELQVDFL,5,0.8953292734755988,2.0042893415190943,1.1089600680434955,-0.6740790059503381,0.6879861989511831,1.3620652049015212
42,TSNTIRVFLPNKQRTVVNVRNGMSLHDCLMAALKVRGLQPECCAVFRLLHEHKGKKARLDWNTDAASLIGEELQVDFL,5,0.41071026369581953,1.4881838164584427,1.0774735527626231,-0.6824834337277047,0.5252988983930398,1.2077823321207446
42,TSNTIRVFLPNKQRTVVNVRNGMSLHDCLMKALKVRGLQPECCAVFRLLHEHKGKKARLDWNTDAASLIGEELQVDFL,19,1.3477334724902297,2.449147962134727,1.1014144896444973,-0.3729245319899766,0.24808582606235127,0.6210103580523278
42,TVAAYNLTWKSTNFKTILEWEPKPVNQVYTVQISTKSGDWKSKCFYTTDTECDLTDEIVKDVKQTYLARVFSYPAEPLYENSPEFTPYLETNLGQPTIQSFEQVGTKVNVTVEDERTLVRRNNTFLSLRDVFGKDLIYTLYYWSGKKTAKTNTNEFLIDVDKGENYCFSVQAVIPSRTVNRKSTDSPVECM,5,2.487103312320882,1.8872707661970123,-0.5998325461238696,-0.13822880960368766,0.025356149319131494,0.16358495892281916
123,DSVTQMQGQVTLSENDFLFINCTYSTTGYPTLFWYVQYSGEGPQLLLQVTTANNKGSSRGFEATYDKGTTSFHLQKTSVQEIDSAVYYCAANSGTYQRFGTGTKLQVVPNIQNPDPAVYQLRDSKSSDKSVCLFTDFDSQTNVSQSKDSDVYITDKCVLDMRSMDFKSNSAVAWSNKSDFACANAFNNSIIPEDTFFPSAVTQSPRNKVAVTGGKVTLSCNQTNNHNNMYWYRQDTGHGLRLIHYSYGAGSTEKGDIPDGYKASRPSQENFSLILELATPSQTSVYFCASGDFWGDTLYFGAGTRLSVLEDLKNVFPPEVAVFEPSEAEISHTQKATLVCLATGFYPDHVELSWWVNGKEVHSGVCTDPQPLKEQPALNDSRYALSSRLRVSATFWQNPRNHFRCQVQFYGLSENDEWTQDRAKPVTQIVSAEAW,36,0.46389351353158376,1.17851886920501,0.7146253556734261,0.3184440644499074,-0.23550097690257354,-0.5539450413524809
123,ELKVEQNPLFLSMQEGKNYTIYCNYSTTSDRLYWYRQDPGKSLESLFVLLSNGAVKQEGRLMASLDTKARLSTLHITAAVHDLSATYFCAVGGGSNYQLIWGAGTKLIIKPNIQNPDPAVYQLRDSKSSDKSVCLFTDFDSQTNVSQSKDSDVYITDKCVLDMRSMDFKSNSAVAWSNKSDFACANAFNNSIIPEDTFFPSAGVTQSPTHLIKTRGQQVTLRCSPKSGHDTVSWYQQALGQGPQFIFQYYEEEERQRGNFPDRFSGHQFPNYSSELNVNALLLGDSALYLCASSRTGSTYEQYFGPGTRLTVTEDLKNVFPPEVAVFEPSEAEISHTQKATLVCLATGFYPDHVELSWWVNGKEVHSGVCTDPQPLKEQPALNDSRYALSSRLRVSATFWQNPRNHFRCQVQFYGLSENDEWTQDRAKPVTQIVSAEAWGRAD,6,0.4097303662356342,1.8745613274615056,1.4648309612258714,0.5572140797216161,-0.45649666261456145,-1.0137107423361775
123,IQVEQSPPDLILQEGANSTLRCNFSDSVNNLWWFHQNPWGQLINLFYIPSGTKQNGRLSATTVATERYSLLYISSSQTTDSGVYFCAVDSATALPYGYIFGTGTRLKVLANIQNPDPAVYQLRDSKSSDKSVCLFTDFDSQTNVSQSKDSDVYITDKCVLDMRSMDFKSNSAVAWSNKSDFACANAFNNSIIPEDTFFPSAGVTQTPKFQVLKTGQSMTLQCAQDMNHEYMSWYRQDPGMGLRLIHYSIHPEYTDQGEVPNGYNVSRSTTEDFPLRLLSAAPSQTSVYFCASSYQGTEAFFGQGTRLTVVEDLNKVFPPEVAVFEPSEAEISHTQKATLVCLATGFYPDHVELSWWVNGKEVHSGVCTDPQPLKEQPALNDSRYALSSRLRVSATFWQDPRNHFRCQVQFYGLSENDEWTQDRAKPVTQIVSAEAWGRAD,6,2.2468437487982422,1.8057944211546308,-0.4410493276436114,0.01432313988053055,-0.15399832492544435,-0.1683214648059749
123,IQVEQSPPDLILQEGANSTLRCNFSDSVNNLWWFHQNPWGQLINLFYIPSGTKQNGRLSATTVATERYSLLYISSSQTTDSGVYFCAVDSATSGTYKYIFGTGTRLKVLAAGVTQTPKFQVLKTGQSMTLQCAQDMNHEYMSWYRQDPGMGLRLIHYSVGAGITDQGEVPNGYNVSRSTTEDFPLRLLSAAPSQTSVYFCASSYQGTEAFFGQGTRLTVVE,9,0.8324453662334421,1.0443065881023867,0.21186122186894463,0.015904496922262756,0.24762761280500598,0.23172311588274322
123,KEVEQNSGPLSVPEGAIASLNCTYSDRGSQAFFWYRQYSGKSPELIMSIYSNGDKEDGRFTAQLNKASQYVSLLIRDSQPSDSATYLCAVTTDSWGKLQFGAGTQVVVTPDIQNPGVTQTPKFQVLKTGQSMTLQCAQDMNHEYMSWYRQDPGMGLRLIHYSVGAGITDQGEVPNGYNVSRSTTEDFPLRLLSAAPSQTSVYFCASRPGLAGGRPEQYFGPGTRLTVTEDLKNVFPPEVAVFLVCLATGFYPDHVELSWWVNGKEVHSGVSTDPQPLYALSSRLRVSATFWQNPRNHFRCQVQFYGLAKPVTQIVSAEAWGRAD,7,0.5160579344860243,0.8507981292787764,0.3347401947927521,0.09031249880464,-0.11571369436332131,-0.2060261931679613
123,KEVEQNSGPLSVPEGAIASLNCTYSDRGSQSFFWYRQYSGKSPELIMFIYSNGDKEDGRFTAQLNKASQYVSLLIRDSQPSDSATYLCAVNFGGGKLIFGQGTELSVKPNIQNPDPAVYQLRDSKSSDKSVCLFTDFDSQTNVSQSKDSDVYITDKCVLDMRSMDFKSNSAVAWSNKSDFACANAFNNSIIPEDTFFPSIAGITQAPTSQILAAGRRMTLRCTQDMRHNAMYWYRQDLGLGLRLIHYSNTAGTTGKGEVPDGYSVSRANTDDFPLTLASAVPSQTSVYFCASSLSFGTEAFFGQGTRLTVVEDLNKVFPPEVAVFEPSEAEISHTQKATLVCLATGFYPDHVELSWWVNGKEVHSGVCTDPQPLKEQPALNDSRYALSSRLRVSATFWQDPRNHFRCQVQFYGLSENDEWTQDRAKPVTQIVSAEAWGRAD,11,0.9462713340342372,2.313457760856148,1.3671864268219107,0.10693712267446387,-0.11889651151892183,-0.2258336341933857
123,KEVEQNSGPLSVPEGAIASLNCTYSDRGSQSFFWYRQYSGKSPELIMSIYSNGDKEDGRFTAQLNKASQYVSLLIRDSQPSDSATYLCAVTTDSWGKLQFGAGTQVVVTPDIQNPDPAVYQLRDSKSSDKSVCLFTDFDSQTNVSQSKDSDVYITDKTVLDMRSMDFKSNSAVAWSNKSDFACANAFNNSIIPEDTFFPSNAGVTQTPKFQVLKTGQSMTLQCAQDMNHEYMSWYRQDPGMGLRLIHYSVGAGITDQGEVPNGYNVSRSTTEDFPLRLLSAAPSQTSVYFCASRPGLAGGRPEQYFGPGTRLTVTEDLKNVFPPEVAVFEPSEAEISHTQKATLVCLATGFYPDHVELSWWVNGKEVHSGVSTDPQPLKEQPALNDSRYALSSRLRVSATFWQDPRNHFRCQVQFYGLSENDEWTQDRAKPVTQIVSAEAWGRAD,13,0.7313010596508936,1.4763602427657054,0.7450591831148118,0.4188547072974972,-0.2102869308930872,-0.6291416381905843
123,KEVEQNSGPLSVPEGAIASLNCTYSDRGSQSFFWYRQYSGKSPELIMSIYSNGDKEDGRFTAQLNKASQYVSLLIRDSQPSDSATYLCAVTTDSWGKLQFGAGTQVVVTPDIQNPGVTQTPKFQVLKTGQSMTLQCAQDMNHEYMSWYRQDPGMGLRLIHYSVGAGITDQGEVPNGYNVSRSTTEDFPLRLLSAAPSQTSVYFCASRPGLAGGRPEQYFGPGTRLTVTEDLKNVFPPEVAVFLVCLATGFYPDHVELSWWVNGKEVHSGVSTDPQPLYALSSRLRVSATFWQNPRNHFRCQVQFYGLAKPVTQIVSAEAWGRAD,90,0.9176747455520942,1.0855252132513455,0.16785046769925138,0.1474758788016795,-0.137199198637376,-0.2846750774390555
123,KEVEQNSGPLSVPEGAIASLNCTYSDRGSVSFFWYRQYSGKSPELIMSIYSNGDKEDGRFTAQLNKASQYVSLLIRDSQPSDSATYLCAVTTDSWGKLQFGAGTQVVVTPDIQNPGVTQTPKFQVLKTGQSMTLQCAQDMNHEYMSWYRQDPGMGLRLIHYSVGAGITDQGEVPNGYNVSRSTTEDFPLRLLSAAPSQTSVYFCASRPGLAGGRPEQYFGPGTRLTVTEDLKNVFPPEVAVFLVCLATGFYPDHVELSWWVNGKEVHSGVSTDPQPLYALSSRLRVSATFWQNPRNHFRCQVQFYGLAKPVTQIVSAEAWGRAD,9,0.9378245951818848,1.5496931259904552,0.6118685308085704,0.13648701706526714,-0.08464676394970441,-0.22113378101497155
123,KEVEQNSGPLSVPEGAIASLNCTYSYRGSQSFFWYRQYSGKSPELIMFIYSNGDKEDGRFTAQLNKASQYVSLLIRDSQPSDSATYLCAVNFGGGKLIFGQGTELSVKPNIQNPDPAVYQLRDSKSSDKSVCLFTDFDSQTNVSQSKDSDVYITDKCVLDMRSMDFKSNSAVAWSNKSDFACANAFNNSIIPEDTFFPSIAGITQAPTSQILAAGRRMTLRCTQDMRHNAMYWYRQDLGLGLRLIHYSNTAGTTGKGEVPDGYSVSRANTDDFPLTLASAVPSQTSVYFCASSWSFGTEAFFGQGTRLTVVEDLNKVFPPEVAVFEPSEAEISHTQKATLVCLATGFYPDHVELSWWVNGKEVHSGVCTDPQPLKEQPALNDSRYALSSRLRVSATFWQDPRNHFRCQVQFYGLSENDEWTQDRAKPVTQIVSAEAWGRAD,8,1.6462685723216182,1.7232838275070907,0.07701525518547259,0.5173601100986528,-0.5749450884950896,-1.0923051985937424
123,KQEVEQNSGPLSVPEGAIASLNCTYSFLGSQSFFWYRQYSGKSPELIMFTYREGDKEDGRFTAQLNKASQHVSLLIRDSQPSDSATYLCAVNDGGRLTFGDGTTLTVKPNIQNPDPAVYQLRDSKSSDKSVCLFTDFDSQTNVSQSKDSDVYITDKCVLDMRSMDFKSNSAVAWSNKSDFACANAFNNSIIPEDTFFMSQTIHQWPATLVQPVGSPLSLECTVEGTSNPNLYWYRQAAGRGPQLLFYWGPFGQISSEVPQNLSASRPQDRQFILSSKKLLLSDSGFYLCAWSETGLGMGGWQFGEGSRLTVLEDLKNVFPPEVAVFEPSEAEISHTQKATLVCLATGFYPDHVELSWWVNGKEVHSGVCTDPQPLKEQPALNDSRYALSSRLRVSATFWQDPRNHFRCQVQFYGLSENDEWTQDRAKPVTQIVSAEAWGRAD,11,1.4031100642913275,1.6642508566295426,0.2611407923382152,0.2497121345325987,-0.22999298820267827,-0.479705122735277
123,KQEVEQNSGPLSVPEGAIASLNCTYSFLGSQSFFWYRQYSGKSPELIMFTYREGDKEDGRFTAQLNKASQHVSLLIRDSQPSDSATYLCAVNDGGRLTFGDGTTLTVKPNIQNPDPAVYQLRDSKSSDKSVCLFTDFDSQTNVSQSKDSDVYITDKCVLDMRSMDFKSNSAVAWSNKSDFACANAFNNSIIPEDTFMSQTIHQWPATLVQPVGSPLSLECTVEGTSNPNLYWYRQAAGRGPQLLFYWGPFGQISSEVPQNLSASRPQDRQFILSSKKLLLSDSGFYLCAWSETGLGMGGWQFGEGSRLTVLEDLKNVFPPEVAVFEPSEAEISHTQKATLVCLATGFYPDHVELSWWVNGKEVHSGVCTDPQPLKEQPALNDSRYALSSRLRVSATFWQDPRNHFRCQVQFYGLSENDEWTQDRAKPVTQIVSAEAWGRAD,7,1.723332758826609,1.7710602925731316,0.04772753374652261,-0.03433424635639119,0.09055599620571278,0.12489024256210397
123,KTTQPNSMESNEEEPVHLPCNHSTISGTDYIHWYRQLPSQGPEYVIHGLTSNVNNRMASLAIAEDRKSSTLILHRATLRDAAVYYCILPLAGGTSYGKLTFGQGTILTVHPNIQNPDPAVYQLRDSKSSDKSVCLFTDFDSQTNVSQSKDSDVYITDKTVLDMRSMDFKSNSAVAWSNKSDFACANAFNNSIIPEDTFFPSGVSQSPRYKVAKRGQDVALRCDPISGHVSLFWYQQALGQGPEFLTYFQNEAQLDKSGLPSDRFFAERPEGSVSTLKIQRTQQEDSAVYLCASSLGQAYEQYFGPGTRLTVTEDLKNVFPPEVAVFEPSEAEISHTQKATLVCLATGFYPDHVELSWWVNGKEVHSGVSTDPQPLKEQPALNDSRYALSSRLRVSATFWQNPRNHFRCQVQFYGLSENDEWTQDRAKPVTQIVSAEAWGRAD,16,0.7526989754770803,1.4901276204900147,0.7374286450129344,0.10028431602869911,-0.1873036776194688,-0.2875879936481679
123,LNVEQSPQSLHVQEGDSTNFTCSFPSSNFYALHWYRWETAKSPEALFVMTLNGDEKKKGRISATLNTKEGYSYLYIKGSQPEDSATYLCARNTGNQFYFGTGTSLTVIPMGVTQTPKFQVLKTGQSMTLQCAQDMNHEYMSWYRQDPGMGLRLIHYSVGAGITDQGEVPNGYNVSRSTTEDFPLRLLSAAPSQTSVYFCASSPVTGGIYGYTFGSGTRLTVVE,7,0.7262962690650829,1.207046541560186,0.48075027249510316,0.1748895699129896,-0.6729167914361434,-0.8478063613491329
123,MQIFVKTLTGKTITLEVEPSDTIENVKAKIQDKEGIPPDQQRLIFAGKQLEDGRTLSDYNIQKESTLHLVLRXXXXXXXXXXXXXXXXXXXXXXXXXXXXXXXXXXXXXXXXXXXXXX,6,0.8134847867652468,9.52528149302078,8.711796706255532,0.5406223734852171,-0.16875500327363585,-0.7093773767588529
123,NTIRVFLPNKQRTVVNVRNGMSLHDCLMKALKVRGLQPECCAVFRLLHEHKGKKARLDWNTDAASLIGEELQVDFL,8,1.20871437087621,1.4621805781953034,0.2534662073190934,0.2897416309104499,0.5207777785431182,0.23103614763266833
123,QEVEQNSGPLSVPEGAIASLNCTYSDRGSQSFFWYRQYSGKSPELIMFIYSNGDKEDGRFTAQLNKASQYVSLLIRDSQPSDSATYLCAVNVAGKSTFGDGTTLTVKPNIQNPDPAVYQLRDSKSSDKSVCLFTDFDSQTNVSQSKDSDVYITDKCVLDMRSMDFKSNSAVAWSNKSDFACANAFNNSIIPEDTSQTIHQWPATLVQPVGSPLSLECTVEGTSNPNLYWYRQAAGRGLQLLFYSVGIGQISSEVPQNLSASRPQDRQFILSSKKLLLSDSGFYLCAWSETGLGTGELFFGEGSRLTVLEDLKNVFPPEVAVFEPSEAEISHTQKATLVCLATGFYPDHVELSWWVNGKEVHSGVCTDPQPLKEQPALNDSRYALSSRLRVSATFWQDPRNHFRCQVQFYGLSENDEWTQDRAKPVTQIVSAEAWGRAD,5,0.3780156693283604,1.2051363228238532,0.8271206534954928,-0.5094993667878329,0.7471071659252129,1.2566065327130458
123,QEVTQIPAALSVPEGENLVLNCSFTDSAIYNLQWFRQDPGKGLTSLLLIQSSQREQTSGRLNASLDKSSGRSTLYIAASQPGDSATYLCAVRPTSGGSYIPTFGRGTSLIVHPYIQNPDPAVYQLRDSKSSDKSVCLFTDFDSQTNVSQSKDSDVYITDKCVLDMRSMDFKSNSAVAWSNKSDFACANAFNNSIIPEDTFFPSGVTQTPKFQVLKTGQSMTLQCAQDMNHEYMSWYRQDPGMGLRLIHYSVGAGITDQGEVPNGYNVSRSTTEDFPLRLLSAAPSQTSVYFCASSYVGNTGELFFGEGSRLTVLEDLKNVFPPEVAVFEPSEAEISHTQKATLVCLATGFYPDHVELSWWVNGKEVHSGVCTDPQPLKEQPALNDSRYALSSRLRVSATFWQDPRNHFRCQVQFYGLSENDEWTQDRAKPVTQIVSAEAWGRAD,33,0.4266796797328902,0.74535341437478,0.31867373464188975,0.12352930656318145,-0.07245145434555647,-0.19598076090873792
123,QKEVEQNSGPLSVPEGAIASLNCTYSFLGSQSFFWYRQYSGKSPELIMFTYREGDKEDGRFTAQLNKASQHVSLLIRDSQPSDSATYLCAVNDGGRLTFGDGTTLTVKPNIQNPDPAVYQLRDSKSSDKSVCLFTDFDSQTNVSQSKDSDVYITDKCVLDMRSMDFKSNSAVAWSNKSDFACANAFNNSIIPEDTFFMSQTIHQWPATLVQPVGSPLSLECTVEGTSNPNLYWYRQAAGRGPQLLFYWGPFGQISSEVPQNLSASRPQDRQFILSSKKLLLSDSGFYLCAWSETGLGMGGWQFGEGSRLTVLEDLKNVFPPEVAVFEPSEAEISHTQKATLVCLATGFYPDHVELSWWVNGKEVHSGVCTDPQPLKEQPALNDSRYALSSRLRVSATFWQDPRNHFRCQVQFYGLSENDEWTQDRAKPVTQIVSAEAWGRAD,7,1.7257655606589717,1.7817144327271082,0.05594887206813648,-0.025930142053267505,0.06831025024723184,0.09424039230049934
123,QKVTQAQTEISVVEKEDVTLDCVYETRDTTYYLFWYKQPPSGELVFLIRRNSFDEQNEISGRYSWNFQKSTSSFNFTITASQVVDSAVYFCALSGFYNTDKLIFGTGTRLQVFPNIQNPDPAVYQLRDSKSSDKSVCLFTDFDSQTNVSQSKDSDVYITDKCVLDMRSMDFKSNSAVAWSNKSDFACANAFNNSIIPEDTFFPSGVTQTPKFQVLKTGQSMTLQCAQDMNHNSMYWYRQDPGMGLRLIYYSASEGTTDKGEVPNGYNVSRLNKREFSLRLESAAPSQTSVYFCASPGLAGEYEQYFGPGTRLTVTEDLKNVFPPEVAVFEPSEAEISHTQKATLVCLATGFYPDHVELSWWVNGKEVHSGVCTDPQPLKEQPALNDSRYALSSRLRVSATFWQNPRNHFRCQVQFYGLSENDEWTQDRAKPVTQIVSAEAWGRAD,51,0.5065423642571796,2.1964889600747104,1.6899465958175308,-0.22969708493683183,0.2908354261961439,0.5205325111329757
123,QLLEQSPQFLSIQEGENLTVYCNSSSVFSSLQWYRQEPGEGPVLLVTVVTGGEVKKLKRLTFQFGDARKDSSLHITAAQPGDTGLYLCAGAGSQGNLIFGKGTKLSVKPNIQNPDPAVYQLRDSKSSDKSVCLFTDFDSQTNVSQSKDSDVYITDKTVLDMRSMDFKSNSAVAWSNKSDFACANAFNNSIIPEDTFFPSPGITQSPKYLFRKEGQNVTLSCEQNLNHDAMYWYRQDPGQGLRLIYYSQIVNDFQKGDIAEGYSVSREKKESFPLTVTSAQKNPTAFYLCASSSRSSYEQYFGPGTRLTVTEDLKNVFPPEVAVFEPSEAEISHTQKATLVCLATGFYPDHVELSWWVNGKEVHSGVSTDPQPLKEQPALNDSRYSLSSRLRVSATFWQNPRNHFRCQVQFYGLSENDEWTQDRAKPVTQIVSAEAWGRADQ,27,0.6534153074053304,0.37131568239818374,-0.28209962500714664,0.20617107774736354,0.2920848755622048,0.08591379781484126
123,QQVKQNSPSLSVQEGRISILNCDYTNSMFDYFLWYKKYPAEGPTFLISISSIKDKNADGRFTVFLNKSAKHLSLHIVPSQPGDSAVYFCAAMEGAQKLVFGQGTRLTINPNIQNPDPAVYQLRDSKSVCLFTDFDSQTNVSQSKDSDVYITDKTVLDMRFKSNSAVAWSNKSDFACANAFNNSIIPEDTFGVTQTPKFQVLKTGQSMTLQCAQDMNHEYMSWYRQDPGMGLRLIHYSVGAGITDQGEVPNGYNVSRSTTEDFPLRLLSAAPSQTSVYFCASSYPGGGFYEQYFGPGTRLTVTEDLKNVFPPEVAVFEPSEAEISHTQKATLVCLATGFYPDHVELSWWVNGKEVHSGVSTDPQPLKEQPALNDSRYALSSRLRVSATFWQDPRNHFRCQVQFYGLSENDEWTQDRAKPVTQIVSAEAWGRAD,15,0.8299970718678312,1.44429678047359,0.6142997086057588,0.0050156892202620484,0.008255801414552899,0.0032401121942908506
123,QQVKQNSPSLSVQEGRISILNCDYTNSMFNYFLWYKKYPAEGPTFLISISSIKDKNADGRFTVFLNKSAKHLSLHIVPSQPGDSAVYFCAAMEGAQKLVFGQGTRLTINPNIQNPDPAVYQLRDSKSVCLFTDFDSQTNVSQSKDSDVYITDKTVLDMRFKSNSAVAWSNKSDFACANAFNNSIIPEDTFGVTQTPKFQVLKTGQSMTLQCAQDMNHEYMSWYRQDPGMGLRLIHYSVGAGITDQGEVPNGYNVSRSTTEDFPLRLLSAAPSQTSVYFCASSYPGGGFYEQYFGPGTRLTVTEDLKNVFPPEVAVFEPSEAEISHTQKATLVCLATGFYPDHVELSWWVNGKEVHSGVSTDPQPLKEQPALNDSRYALSSRLRVSATFWQDPRNHFRCQVQFYGLSENDEWTQDRAKPVTQIVSAEAWGRAD,6,0.31179173043589903,1.327006606694001,1.015214876258102,-0.023927908038621104,0.05600574792130589,0.07993365595992699
123,QQVRQSPQSLTVWEGETAILNCSYENSAFDYFPWYQQFPGEGPALLIAIRSVSDKKEDGRFTIFFNKREKKLSLHITDSQPGDSATYFCAASRDSGQKLVFGQGTILKVYLHIQNPDPAVYQLRDSKSSDKSVCLFTDFDSQTNVSQSKDSDVYITDKCVLDMRSMDFKSNSAVAWSNFACANAFNNSIIPEDTFFPAVTQSPRNKVAVTGGKVTLSCNQTNNHNNMYWYRQDTGHGLRLIHYSYGAGSTEKGDIPDGYKASRPSQENFSLILELATPSQTSVYFCASGDFWGDTLYFGAGTRLSVLEDLKNVFPPEVAVFEPSEAEISHTQKATLVCLATGFYPDHVELSWWVNGKEVHSGVCTDPQPLKEQPALNDSRYALSSRLRVSATFWQNPRNHFRCQVQFYGLSENDEWTQDRAKPVTQIVSAEAWGR,36,0.5833297347268709,1.0018224078686184,0.41849267314174754,0.19443340938683104,-0.019460984990614605,-0.21389439437744565
123,QSLFLSVREGDSSVINCTYTDSSSTYLYWYKQEPGAGLQLLTYIFSNMDMKQDQRKTVLLNKKDKHLSLRIADTQTGDSAIYFCAEDNNARLMFGDGTQLVVKPNIQNPDPAVYQLRDSKSSDKSVCLFTDFDSQTNVSQSKDSDVYITDKCVLDMRSMDFKSNSAVAWSNKSDFACANAFNNSIIPEDTFFPSPGAVVSQHPSWVICKSGTSVKIECRSLDFQATTMFWYRQFPKQSLMLMATSNEGSKATYEQGVEKDKFLINHASLTLSTLTVTSAHPEDSSFYICSARDGTGNGYTFGSGTRLTVVEDLNKVFPPEVAVFEPSEAEISHTQKATLVCLATGFYPDHVELSWWVNGKEVHSGVCTDPQPLKEQPALNDSRYALSSRLRVSATFWQDPRNHFRCQVQFYGLSENDEWTQDRAKPVTQIVSAEAWGRAD,6,0.6851668173340949,1.6867303975201215,1.0015635801860268,0.09959974138760819,0.01645944170621985,-0.08314029968138834
123,QVEQSPSALSLHEGTGSALRCNFTTTMRAVQWFQQNSRGSLINLFYLASGTKENGRLKSTFNSKESYSTLHIRDAQLEDSGTYFCAALRATGGNNKLTFGQGTVLSVIPDIQNPDPAVYQLRDSKSSDKSVCLFTDFDSQTNVSQDSDVYITDKCVLDMRSMDFKSNSAVAWSFACANAFNNSIIPEDTFFPSPMKVIQTPRYLVKGQGQKAKMRCIPEKGHPVVFWYQQNKNNEFKFLINFQNQEVLQQIDMTEKRFSAECPSNSPCSLEIQSSEAGDSALYLCASSLNWSQDTQYFGPGTRLLVLEDLKNVFPPEVAVFEPSEAEISHTQKATLVCLATGFYPDHVELSWWVNGKEVHSGVCTDPQPLKEQPALNDSRYALSSRLRVSATFWQNPRNHFRCQVQFYGLSENDEWTQDRAKPVTQIVSAEAWGRA,25,0.7223552267199201,1.5675341079287732,0.8451788812088531,0.08996786063205446,0.11488590414812179,0.02491804351606733
123,QVRQSPQSLTVWEGETAILNCSYENSAFDYFPWYQQFPGEGPALLIAIRSVSDKKEDGRFTIFFNKREKKLSLHITDSQPGDSATYFCAASKGADRLTFGKGTQLIIQPYIQNPDPAVYQLRDSKSSDKSVCLFTDFDSETNVSESKDSDVYITDKCVLDMRSMDFKSNSAVAWSNKAAFACANAFNNSIIPEDTFFPSAVTQSPRNKVAVTGGKVTLSCDQTNNHNNMYWYRQDTGHGLRLIHYSYGAGSTEKGDIPDGYKASRPSQEDFSLILELATPSQTSVYFCASGDFWGDTLYFGAGTRLSVLEDLKNVFPPEVAVFEPSEAEISHTQKATLVCLATGFYPDHVELSWWVNGKEVHSGVCTDPQPLKEQPALNDSRYALSSRLRVSATFWQNPRNHFRCQVQFYGLSENDEWTQDRAKPVTQIVSAEAWGRA,36,0.6341514782603962,1.2020463473298264,0.5678948690694302,0.17883277069574394,-0.1233468148646735,-0.30217958556041746
123,TSNTIAVFLPNKQRTVVNVRNGMSLHDCLMKALKVRGLQPECCAVFRLLHEHKGKKARLDWNTDAASLIGEELQVDFL,7,0.7659299568813676,1.88825649905534,1.1223265421739725,-0.4030860569554449,0.6436197855324541,1.046705842487899
123,TSNTIRVFLPNKQRAVVNVRNGMSLHDCLMKALKVRGLQPECCAVFRLLHEHKGKKARLDWNTDAASLIGEELQVDFL,8,0.6382956904285303,1.9993092609765504,1.3610135705480202,-0.793524961638584,0.6564638775949533,1.4499888392335372
123,TSNTIRVFLPNKQRTAVNVRNGMSLHDCLMKALKVRGLQPECCAVFRLLHEHKGKKARLDWNTDAASLIGEELQVDFL,5,0.8953292734755988,2.516600830800124,1.6212715573245253,-0.6740790059503381,-0.026919690774073524,0.6471593151762646
123,TSNTIRVFLPNKQRTVVNVRNGMSLHDCLMAALKVRGLQPECCAVFRLLHEHKGKKARLDWNTDAASLIGEELQVDFL,5,0.41071026369581953,1.9506356640945914,1.539925400398772,-0.6824834337277047,-0.1850695986978001,0.4974138350299046
123,TSNTIRVFLPNKQRTVVNVRNGMSLHDCLMKALKVRGLQPECCAVFRLLHEHKGKKARLDWNTDAASLIGEELQVDFL,19,1.3477334724902297,2.862986517963199,1.5152530454729691,-0.3729245319899766,-0.0967611098440243,0.2761634221459523
123,TVAAYNLTWKSTNFKTILEWEPKPVNQVYTVQISTKSGDWKSKCFYTTDTECDLTDEIVKDVKQTYLARVFSYPAEPLYENSPEFTPYLETNLGQPTIQSFEQVGTKVNVTVEDERTLVRRNNTFLSLRDVFGKDLIYTLYYWSGKKTAKTNTNEFLIDVDKGENYCFSVQAVIPSRTVNRKSTDSPVECM,5,2.487103312320882,2.1360309308438623,-0.3510723814770196,-0.13822880960368766,0.1488173831822108,0.2870461927858985
456,AGVMTGAKFTQIQFGMTRQQVLDIAGAENCETGGSAGDSIHCRGHAAGDYYAYATFGFTSAAADAKVDSKSQEKLLAPSAPTLTLAKFNQVTVGMTRAQVLATVGQGSCTTWSEYYPAYPSTAGVTLSLSCFDVDGYSSTGFYRGSAHLWFTDGVLQGKRQWDLV,5,1.929801863717184,1.7319451993844583,-0.19785666433272575,0.8464733520846622,0.8986182271822968,0.05214487509763455
456,AGVMTGAKFTQIQFGMTRQQVLDIAGAENCETGGSFGDSIACRGHAAGDYYAYATFGFTSAAADAKVDSKSQEKLLAPSAPTLTLAKFNQVTVGMTRAQVLATVGQGSCTTWSEYYPAYPSTAGVTLSLSCFDVDGYSSTGFYRGSAHLWFTDGVLQGKRQWDLV,5,1.4822187445766801,1.6376487972328007,0.15543005265612053,0.825444809435576,0.8433381169460538,0.017893307510477796
456,AGVMTGAKFTQIQFGMTRQQVLDIAGAENCETGGSFGDSIHCRGHAAGAYYAYATFGFTSAAADAKVDSKSQEKLLAPSAPTLTLAKFNQVTVGMTRAQVLATVGQGSCTTWSEYYPAYPSTAGVTLSLSCFDVDGYSSTGFYRGSAHLWFTDGVLQGKRQWDLV,29,0.6472640731720002,2.6991138377161836,2.0518497645441833,0.07516627362862684,0.1319130236978976,0.056746750069270754
456,AGVMTGAKFTQIQFGMTRQQVLDIAGAENCETGGSFGDSIHCRGHAAGDAYAYATFGFTSAAADAKVDSKSQEKLLAPSAPTLTLAKFNQVTVGMTRAQVLATVGQGSCTTWSEYYPAYPSTAGVTLSLSCFDVDGYSSTGFYRGSAHLWFTDGVLQGKRQWDLV,8,2.0840901981190756,4.381689918112549,2.2975997199934737,0.257536238293391,0.5031610299941676,0.24562479170077656
456,AGVMTGAKFTQIQFGMTRQQVLDIAGAENCETGGSFGDSIHCRGHAAGDYYAAATFGFTSAAADAKVDSKSQEKLLAPSAPTLTLAKFNQVTVGMTRAQVLATVGQGSCTTWSEYYPAYPSTAGVTLSLSCFDVDGYSSTGFYRGSAHLWFTDGVLQGKRQWDLV,6,1.5981095122214037,2.0168968322366965,0.41878732001529273,0.8268675496770349,0.8984030763741084,0.07153552669707353
456,AGVMTGAKFTQIQFGMTRQQVLDIAGAENCETGGSFGDSIHCRGHAAGDYYAYATFGFTSAAADAKVDSKAQEKLLAPSAPTLTLAKFNQVTVGMTRAQVLATVGQGSCTTWSEYYPAYPSTAGVTLSLSCFDVDGYSSTGFYRGSAHLWFTDGVLQGKRQWDLV,5,1.8968597308626982,3.6004971380014577,1.7036374071387594,0.333513656828531,0.5906009058782937,0.2570872490497627
456,AGVMTGAKFTQIQFGMTRQQVLDIAGAENCETGGSFGDSIHCRGHAAGDYYAYATFGFTSAAADAKVDSKSQEALLAPSAPTLTLAKFNQVTVGMTRAQVLATVGQGSCTTWSEYYPAYPSTAGVTLSLSCFDVDGYSSTGAARGSAHLWFTDGVLQGKRQWDLV,8,2.1123212094523907,1.1513971088557373,-0.9609241005966533,0.8107811240428595,-0.4917794157460939,-1.3025605397889535
456,AGVMTGAKFTQIQFGMTRQQVLDIAGAENCETGGSFGDSIHCRGHAAGDYYAYATFGFTSAAADAKVDSKSQEALLAPSAPTLTLAKFNQVTVGMTRAQVLATVGQGSCTTWSEYYPAYPSTAGVTLSLSCFDVDGYSSTGAYRGSAHLWFTDGVLQGKRQWDLV,7,2.618440003843562,0.7710172156379246,-1.8474227882056375,0.7867968646384698,-0.34959718115405064,-1.1363940457925203
456,AGVMTGAKFTQIQFGMTRQQVLDIAGAENCETGGSFGDSIHCRGHAAGDYYAYATFGFTSAAADAKVDSKSQEALLAPSAPTLTLAKFNQVTVGMTRAQVLATVGQGSCTTWSEYYPAYPSTAGVTLSLSCFDVDGYSSTGFARGSAHLWFTDGVLQGKRQWDLV,7,1.716289122031143,1.4714711912162513,-0.24481793081489167,0.8600036624615756,-0.18772690098479333,-1.047730563446369
456,AGVMTGAKFTQIQFGMTRQQVLDIAGAENCETGGSFGDSIHCRGHAAGDYYAYATFGFTSAAADAKVDSKSQEALLAPSAPTLTLAKFNQVTVGMTRAQVLATVGQGSCTTWSEYYPAYPSTAGVTLSLSCFDVDGYSSTGFYRGSAHLWFTDGVLQGKRQWDLV,14,2.0676385497651735,1.5532142387472831,-0.5144243110178903,0.07809838978493679,0.11851172162663279,0.040413331841696
456,AGVMTGAKFTQIQFGMTRQQVLDIAGAENCETGGSFGDSIHCRGHAAGDYYAYATFGFTSAAADAKVDSKSQEKLLAPSAPTLTLAKFNQVTVGMTRAQVLATVGQGSCTTASEYYPAYPSTAGVTLSLSCFDVDGYSSTGFYRGSAHLWFTDGVLQGKRQWDLV,7,1.4258703176668097,1.9741157994193812,0.5482454817525715,0.5580409598702275,0.7680734556809113,0.21003249581068384
456,AGVMTGAKFTQIQFGMTRQQVLDIAGAENCETGGSFGDSIHCRGHAAGDYYAYATFGFTSAAADAKVDSKSQEKLLAPSAPTLTLAKFNQVTVGMTRAQVLATVGQGSCTTWAEYYPAYPSTAGVTLSLSCFDVDGYSSTGFYRGSAHLWFTDGVLQGKRQWDLV,6,1.898312173447682,3.7632690239570055,1.8649568505093235,0.3259835717909465,0.6260225020294152,0.3000389302384687
456,AGVMTGAKFTQIQFGMTRQQVLDIAGAENCETGGSFGDSIHCRGHAAGDYYAYATFGFTSAAADAKVDSKSQEKLLAPSAPTLTLAKFNQVTVGMTRAQVLATVGQGSCTTWSEYYPAYPSTAGVTLSLSCFDVDGYSSTGAARGSAHLWFTDGVLQGKRQWDLV,7,1.876908526773495,1.1333896532551437,-0.7435188735183513,0.9455168882125368,0.24883964318365032,-0.6966772450288865
456,AGVMTGAKFTQIQFGMTRQQVLDIAGAENCETGGSFGDSIHCRGHAAGDYYAYATFGFTSAAADAKVDSKSQEKLLAPSAPTLTLAKFNQVTVGMTRAQVLATVGQGSCTTWSEYYPAYPSTAGVTLSLSCFDVDGYSSTGAYRGSAHLWFTDGVLQGKRQWDLV,20,1.167493059793132,2.084964130181763,0.9174710703886311,0.35891893481545445,0.5555357365140214,0.196616801698567
456,AGVMTGAKFTQIQFGMTRQQVLDIAGAENCETGGSFGDSIHCRGHAAGDYYAYATFGFTSAAADAKVDSKSQEKLLAPSAPTLTLAKFNQVTVGMTRAQVLATVGQGSCTTWSEYYPAYPSTAGVTLSLSCFDVDGYSSTGFARGSAHLWFTDGVLQGKRQWDLV,10,0.9553421129098254,2.978139082451278,2.0227969695414525,0.18245189541184395,0.4802245149275482,0.2977726195157042
456,AGVMTGAKFTQIQFGMTRQQVLDIAGAENCETGGSFGDSIHCRGHAAGDYYAYATFGFTSAAADAKVDSKSQEKLLAPSAPTLTLAKFNQVTVGMTRAQVLATVGQGSCTTWSEYYPAYPSTAGVTLSLSCFDVDGYSSTGFYRGSAALWFTDGVLQGKRQWDLV,6,1.3004926098296559,1.9066866076353786,0.6061939978057227,0.6782479984801829,0.7781489634233084,0.0999009649431255
456,AGVMTGAKFTQIQFGMTRQQVLDIAGAENCETGGSFGDSIHCRGHAAGDYYAYATFGFTSAAADAKVDSKSQEKLLAPSAPTLTLAKFNQVTVGMTRAQVLATVGQGSCTTWSEYYPAYPSTAGVTLSLSCFDVDGYSSTGFYRGSAHLAFTDGVLQGKRQWDLV,7,2.1068857835336257,1.1091437011980176,-0.997742082335608,0.5474780290256736,0.7563025071016014,0.20882447807592786
456,AGVMTGAKFTQIQFGMTRQQVLDIAGAENCETGGSFGDSIHCRGHAAGDYYAYATFGFTSAAADAKVDSKSQEKLLAPSAPTLTLAKFNQVTVGMTRAQVLATVGQGSCTTWSEYYPAYPSTAGVTLSLSCFDVDGYSSTGFYRGSAHLWFTDGVLQGKAQWDLV,8,1.3683016547437605,1.787593018092412,0.41929136334865147,0.4399036591545506,0.6171079880371426,0.17720432888259202
456,AGVMTGAKFTQIQFGMTRQQVLDIAGAENCETGGSFGDSIHCRGHAAGDYYAYATFGFTSAAADAKVDSKSQEKLLAPSAPTLTLAKFNQVTVGMTRAQVLATVGQGSCTTWSEYYPAYPSTAGVTLSLSCFDVDGYSSTGFYRGSAHLWFTDGVLQGKRQADLV,7,1.3594480232689847,1.9538774944842499,0.5944294712152651,0.47605709855449774,0.7196899115034647,0.243632812948967
456,AGVMTGAKFTQIQFGMTRQQVLDIAGAENCETGGSFGDSIHCRGHAAGDYYAYATFGFTSAAADAKVDSKSQEKLLAPSAPTLTLAKFNQVTVGMTRAQVLATVGQGSCTTWSEYYPAYPSTAGVTLSLSCFDVDGYSSTGFYRGSAHLWFTDGVLQGKRQWDLV,65,1.493518275198292,3.7592457020744425,2.2657274268761505,0.42540996456395164,0.551237578545088,0.1258276139811364
456,AGVMTGAKFTQIQFGMTRQQVLDIAGAENCETGGSFGDSIHCRGHAAGDYYAYATFGFTSAAADAKVDSKSQMKLLAPSAPTLTLAKFNQVTVGMTRAQVLATVGQGSCTTWSEYYPAYPSTAGVTLSLSCFDVDGYSSTGFYRGSAHLWFTDGVLQGKRQWDLV,5,0.5272876042873625,3.1532281839791847,2.625940579691822,-0.12292279358632835,0.03911643022253329,0.16203922380886165
456,AIHCPPCSEEKLARCRPPVGCEELVREPGCGCCATCALGLGMPCGVYTPRCGSGLRCYPPRGVEKPLHTLMHGQGVCMEL,7,0.7346372791921341,1.4869554353435668,0.7523181561514327,0.41226999382003915,-0.3207721739545816,-0.7330421677746207
456,AINAPVTCCYNFTNRKISVQRLASYRRITSSKCPKEAVIFKTIVAKEICADPKQKWVQDSMDHLDKQT,14,1.050464052368455,7.531157633277518,6.480693580909063,-0.06385968482509925,-0.24293041141603447,-0.1790707265909352
456,AQVINTFDGVADYLQTYHKLPDNYITKSEAQALGWVASKGNLADVAPGKSIGGDIFSNREGKLPGKSGRTWREADINYTSGFRNSDRILYSSDWLIYKTTDHYQTFTKIR,6,3.291157697840617,5.187757805569606,1.8966001077289891,0.6649373650906798,0.4172036728397306,-0.2477336922509492
456,ARKQ,6,0.6439744244758193,2.990358243750178,2.3463838192743585,0.0809546063366485,0.009159556086431472,-0.07179505025021703
456,ARRIILSRLKAGEVDLLEEELGHLTTLTDVVKGADSLSAILPGDIAEDDITAVLCFVIEADQITFETV,12,0.4708930895588073,0.8844809655675185,0.4135878760087112,0.16622719398790198,0.17744906173135497,0.01122186774345299
456,AVADRYAVYWNSSNPRFQRGDYHIDVCINDYLDVFCPHYEDSVPEDKTERYVLYMVNFDGYSACDHTSKGFKRWECNRPHSPNGPLKFSEKFQLFTPFSLGFEFRPGREYFYISSAIPDNGRRSCLKLKVFVRPTNSCM,7,1.192507252893028,2.2797683265897986,1.0872610736967705,-0.7459103552033741,0.12225524329953755,0.8681655985029116
456,AVGIGAVF,8,0.6928766340400476,6.045322240563328,5.352445606523281,0.14253042519450998,0.5613015239434807,0.41877109874897067
456,CAVSSFRVKENFDKARFSGTWYAMAKKDPEGLFLQDNIVAEFSVDETGQMSATAKGRVRLLNNWDVCADMVGTFTDTEDPAKFKMKYWGVASFLQKGNDDHWIVDTDYDTYAVQYSCRLLNLDGTCADSYSFVFSRDPNGLPPEAQKIVAQRQEELCLAAQYRLIVHNGYCDGRSERNLL,10,0.7032745580121085,3.3546195290375858,2.6513449710254773,-0.379849183288805,-0.16964425477921746,0.21020492850958755
456,CDDWGLDTMRQIQVFEDEPARIKCPLFEHFLKYNYSTAHSSGLTLIWYWTRQDRDLEEPINFRLPENRISKEKDVLWFRPTLLNDTGNYTCMLRNTTYCSKVAFPLEVVQKDSCFNSAMRFPVHKMYIEHGIHKITCPNVDGYFPSSVKPSVTWYKGCTEIVDFHNVLPEGMNLSFFIPLVSNNGNYTCVVTYPENGRLFHLTRTVTVKVVGSPKDALPPQIYSPNDRVVYEKEPGEELVIPCKVYFSFIMDSHNEVWWTIDGKKPDDVTVDITINESVSYSSTEDETRTQILSIKKVTPEDLRRNYVCHARNTKGEAEQAA,6,0.3454819932789201,2.1442991149377737,1.7988171216588535,-0.23912049388229373,-0.12159793341343503,0.1175225604688587
456,CDKEFMWALKNGDLDEVKDYVAKGEDVNRTLEGGRKPLHYAADCGQLEILEFLLLKGADINAPDKHHITPLLSAVYEGHVSCVKLLLSKGADKTVKGPDGLTAFEATDNQAIKALLQ,8,1.2488392119622542,1.1531362411519916,-0.09570297081026258,-0.2929515744627898,0.21842710458208658,0.5113786790448764
456,CILRFIACNGQTRAVQSRGDYQKTLAIALKKFSLEDASKFIVCVSQSSRIKLITEERDRLIIVPKEKPCPSFEDLRRSWEIE,15,0.9794796569499289,0.8491728072347351,-0.1303068497151938,-0.5393461160170382,-0.4448674160202874,0.09447869999675079
456,CTDWSVDIKKYQVLVGEPVRIKCALFYGYIRTNYSLAQSAGLSLMWYKSSGPGDFEEPIAFDGSRMSKEEDSIWFRPTLLQDSGLYACVIRNSTYCMKVSISLTVGENDTGLCYNSKMKYFEKAELSKSKEISCRDIEDFLEPEILWYKECRTKAWRPSIVFKRDTLLIKEVKEDDIGNYTCELKYGGFVVRRTTELTVTAPLTDKPPKLLYPMESKLTVQETQLGGSANLTCRAFFGYSGDVSPLIYWMKGEKFIEDLDENRVWESDIRILKEHLGEQEVSISLIVDSVEEGDLGNYSCYVENGNGRRHASVLLHKRKHHHHH,6,0.6692969720990936,2.8199442042727587,2.1506472321736654,0.2585966199781163,0.616448577216135,0.3578519572380187
456,CTFKISLRNFRSILSWELKNHSIVPTHYTLLYAIMSKPEDLKVVKNCANTTRSFCDLTDEWRSTHEAYVTVLEGFSTTLFSCSHNFWLAIDMSFEPPEFEIVGFTNHINVMVKFPSELQFDLSLVIEEQSEGIVKKHKPEMSGNFTYIIDKLIPNTNYCVSVYLEHQAVIKSPLKCTLLP,13,1.6807062127350163,1.5388600754784734,-0.14184613725654294,0.6200161698078787,0.5061794570296904,-0.1138367127781883
456,CTFKISLRNFRSILSWELKNHSIVPTHYTLLYTAMSKPEDLKVVKNCANTTRSFCDLTDEWRSTHEAYVTVLEGFSTTLFSCSHNFWLAIDMSFEPPEFEIVGFTNHINVMVKFPSELQFDLSLVIEEQSEGIVKKHKPEMSGNFTYIIDKLIPNTNYCVSVYLEHQAVIKSPLKCTLLP,8,1.6014450875197064,1.5920773187289843,-0.009367768790722097,0.7993904227081424,0.508235780644342,-0.2911546420638004
456,CTFKISLRNFRSILSWELKNHSIVPTHYTLLYTIMSKPEDLKVVKNCANTTRSFCDLTDEWRSTAEAYVTVLEGFSTTLFSCSHNFWLAIDMSFEPPEFEIVGFTNHINVMVKFPSELQFDLSLVIEEQSEGIVKKHKPEMSGNFTYIIDKLIPNTNYCVSVYLEHQAVIKSPLKCTLLP,9,0.9820040301677609,0.9314656165114763,-0.05053841365628464,0.6482944602516428,0.8861658445769871,0.23787138432534427
456,CTFKISLRNFRSILSWELKNHSIVPTHYTLLYTIMSKPEDLKVVKNCANTTRSFCDLTDEWRSTHAAYVTVLEGFSTTLFSCSHNFWLAIDMSFEPPEFEIVGFTNHINVMVKFPSELQFDLSLVIEEQSEGIVKKHKPEMSGNFTYIIDKLIPNTNYCVSVYLEHQAVIKSPLKCTLLP,11,1.8915548797137038,2.024454498007546,0.132899618293842,0.27770648184512686,0.4331607225931717,0.15545424074804481
456,CTFKISLRNFRSILSWELKNHSIVPTHYTLLYTIMSKPEDLKVVKNCANTTRSFCDLTDEWRSTHEAYVTVLEGFSTTLFSCSHNFALAIDMSFEPPEFEIVGFTNHINVMVKFPSELQFDLSLVIEEQSEGIVKKHKPEMSGNFTYIIDKLIPNTNYCVSVYLEHQAVIKSPLKCTLLP,8,0.8547090992652767,0.73413438795477,-0.12057471131050668,0.830964748769264,0.8627270638970561,0.03176231512779215
456,CTFKISLRNFRSILSWELKNHSIVPTHYTLLYTIMSKPEDLKVVKNCANTTRSFCDLTDEWRSTHEAYVTVLEGFSTTLFSCSHNFWLAADMSFEPPEFEIVGFTNHINVMVKFPSELQFDLSLVIEEQSEGIVKKHKPEMSGNFTYIIDKLIPNTNYCVSVYLEHQAVIKSPLKCTLLP,11,1.5186121181236245,1.387702916069681,-0.13090920205394352,0.5621869280809652,0.6624000046786914,0.10021307659772627
456,CTFKISLRNFRSILSWELKNHSIVPTHYTLLYTIMSKPEDLKVVKNCANTTRSFCDLTDEWRSTHEAYVTVLEGFSTTLFSCSHNFWLAIAMSFEPPEFEIVGFTNHINVMVKFPSELQFDLSLVIEEQSEGIVKKHKPEMSGNFTYIIDKLIPNTNYCVSVYLEHQAVIKSPLKCTLLP,7,0.8637232821359673,1.087765205921633,0.22404192378566568,0.6627988993930163,0.7431502958220317,0.08035139642901545
456,CTFKISLRNFRSILSWELKNHSIVPTHYTLLYTIMSKPEDLKVVKNCANTTRSFCDLTDEWRSTHEAYVTVLEGFSTTLFSCSHNFWLAIDMSFEPPEFEIVGFTNHINVMVKFPSELQFDLSLVIEEQSEGIVKKHKPEMSGNFTYIIDKLIPNTNYCVSVYLEHQAVIKSPLKCTLLP,108,1.072426546843684,1.0537631453684375,-0.018663401475246477,-0.010845453344877402,0.12330703410246166,0.13415248744733907
456,CTFKISLRNFRSILSWELKNHSIVPTHYTLLYTIVSKPEDLKVVKNCANTTRSFCDLTDEWRSTHEAYVTVLEGFSTTLFSCSHNFWLAIDMSFEPPEFEIVGFTNHINVMVKFPSELQFDLSLVIEEQSEGIVKKHKPEMSGNFTYIIDKLIPNTNYCVSVYLEHQAVIKSPLKCTLLP,11,2.3739567308830627,2.2758457246609227,-0.09811100622213997,0.4775491822626844,0.5386755561126844,0.06112637384999997
456,DESCTFKISLRNFRSILSWELKNHSIVPTHYTLLYTIMSKPEDLKVVKNCANTTRSFCDLTDEWRSTHEAYVTVLEGFSGNTTLFSCSHNFWLAIDMSFEPPEFEIVGFTNHINVMVKFPSILQFDLSLVIEEQSEGIVKKHKPEIMSGNFTYIIDKLIPNTNYCVSVYLEHSDEQAVIKSPLKCTLLPP,7,0.8592437675347482,5.816118838066099,4.956875070531351,0.49685252418101605,0.5317239397290219,0.034871415548005824
456,DFCLEPPYTGPCKARIIRYFYNAKAGLCQTFVYGGCRAKRNNFKSAEDCLRTCGGA,9,4.78481349467911,4.75196314871038,-0.03285034596872993,,,
456,DIQLTQSPSSLSASLGDRVTISCRASQDISNYLNWYQQKPDGTVKLLIYYTSRLHSGVPSRFSGSGSGTDYSLTISNLEQEDIATYFCQQGNTLPWTFGGGTKLEIKQVQLQQSGTELVKSGASVKLSCTASGFNIKDTHMNWVKQRPEQGLEWIGRIDPANGNIQYDPKFRGKATITADTSSNTAYLQLSSLTSEDTAVYYCATKVIYYQGRGAMDYWGQGTTLTVS,18,0.9866773032168495,1.1364287343192596,0.14975143110241007,0.2977111768316463,-0.1467527620399171,-0.4444639388715634
456,DIQMTQSPSSLSASVGDRVTITCRASQGISSYLAWYQQKPGKAPKLLIYAASSLQSGVPSRFSGSGSGTDFTLTISSLQPEDFAVYYCQQHGNLPYTFGDGTKVEIKRTVAAPSVFIFPPSDEQLKSGTASVVCLLNNFYPREAKVQWKVDNALQSGNSQESVTEQDSKDSTYSLSSTLTLSKADYEKHKVYACEVTHQGLSSPVTKSFNQVQLVQSGGGLVKPGGSLRLSCAASGFTFSSYAMSWVRQAPGKGLEWVSAISGSGGSTYYADSVKGRFTISRDNSKNTLYLQMSSLRAEDTAVYYCARPYLTYPQRRGPQNVSPFDNWGQGTMVTVSSASTKGPSVFPLAPLGCLVKDYFPEPVTVSWNSGALTSGVHTFPAVLQSSGLYSLSSVVTVPTYICNVNHKPSNTKVDKKVEPK,28,1.2990526540308966,5.136664316488986,3.837611662458089,0.11722223882666757,-0.02007809968259104,-0.1373003385092586
456,DVQLQESGPGLVRPSQSLSLTCTVTGYSLTSDFAWNWIRQFPGNKLEWMGYINYSGYTNYNPSLKSRISITRDTSKNQFFLQLNSVTTEDTATYYCAREAYYGRAYWFAYWGQGTLVTVSAAKTTPPSVYPLAPGSAAQTNSMVTLGCLVKGYFPEPVTVTWNSGSLSSGVHTFPAVLQSDLYTLSSSVTVPSSPRPSETVTCNVAHPASSTKVDKKIVPRDCENVLTQSPAIMSASPGETVTMTCRATSSVSSTYLHWYQQKSGASPKLWIYSTSNLASGVPARFSGSGSGTSYSLTISSVEAEDAATYYCQQYINYPLTFGGGTKLELKRADAAPTVSIFPPSSEQLTSGGASVVCFLNNFYPKDINVKWKIDGSERQNGVLNSWTDQDSKDSTYSMSSTLTLTKDEYERHNSYTCEATHKTSTSPIVKSFNRNEC,5,1.3853817257444407,1.876074225306958,0.49069249956251726,0.6938802066657279,0.3137656673044858,-0.3801145393612421
456,EEKKVCQGTSNKLTQLGTFEDHFLSLQRMFNNCEVVLGNLEITYVQRNYDLSFLKTIQEVAGYVLIALNTVERIPLENLQIIRGNMYYENSYALAVLSNYDANKTGLKELPMRNLQEILHGAVRFSNNPALCNVESIQWRDIVSSDFLSNMSMDFQNHLGSCQKCDPSCPNGSCWGAGEENCQKLTKIICAQQCSGRCRGKSPSDCCHNQCAAGCTGPRESDCLVCRKFRDEATCKDTCPPLMLYNPTTYQMDVNPEGKYSFGATCVKKCPRNYVVTDHGSCVRACGADSYEMEEDGVRKCKKCEGPCRKVCNGIGIGEFKDSLSINATNIKHFKNCTSISGDLHILPVAFRGDSFTHTPPLDPQELDILKTVKEITGFLLIQAWPENRTDLHAFENLEIIRGRTKQHGQFSLAVVSLNITSLGLRSLKEISDGDVIISGNKNLCYANTINWKKLFGTSGQKTKIISNRGENKCKATGQVCHALCSPEGCWGPEPRDCVSCRNVSRGRECVDKCKLLEGEPREFVENSECIQCHPECLPQAMNITCTGRGPDNCIQCAHYIDGPHCVKTCPAGVMGENNTLVWKYADAGHVCHLCHPNCTYGCTGPGLRGCPT,21,1.072763252527287,4.587258091014391,3.5144948384871038,-0.5740929461264523,-0.5103436093242613,0.06374933680219108
456,EETIPLQTLRCYNDYTSHITCRWADTQDAQRLVNVTLIRRVNEDLLEPVSCDLSDDMPWSACPHPRCVPRRCVIPCQSFVVTDVDYFSFQPDRPLGTRLTVTLTQHVQPPEPRDLQISTDQDHFLLTWSVALGSPQSHWLSPGDLEFEVVYKRLQDSWEDAAILLSNTSQATLGPEHLMPSSTYVARVRTRLAPGSRLSGRPSKWSPEVCWDSQPGDEAQPQNLECFFDGAAVLSCSWEVRKEVASSVSFGLFYKPSPDAGEEECSPVLREGLGSLHTRHHCQIPVPDPATHGQYIVSVQPRRAEKHIKSSVNIQMAPPSLQVTKDGDSYSLRWETMKMRYEHIDHTFEIQYRKDTATWKDSKTETLQNAHSMALPALEPSTRYWARVRVRTSRTGYNGIWSEWSEARSWDTNSGREGTAQNFSCFIYNADLMNCTWARGPTDVQYFLIRCPYYIQDSGTHVGCHLDNLSGLTSRNYFSLLDTKKIERFNPPSNVTVRCNTTHCLVRWKQPRTYQKLSYLDFQYQLDVHRKNTQPGTENLLINVSGDLENRYNFPSSEPRAKHSVKIRAADVRILNWSSWSEAIEF,9,0.9084964590877835,0.8113743350453892,-0.09712212404239429,-0.4417139256410451,-0.09039259139350819,0.3513213342475369
456,EPCRIELYRVVESLAKASKFYLPNCNKNGFYHSRQCETSMEAGLCWCVYPWNGKRIPGSPEIRGDPNCQIYFN,5,0.22139556556032083,2.493622781647234,2.272227216086913,0.4599422896637513,0.273948926340253,-0.1859933633234983
456,ESPFVGNPGNITGARGLTGTLRCQLQVQGEPPEVHWLRDGQILELADSTQTQVPLGEDEQDDWIVVSQLRITSLQLSDTGQYQCLVFLGHQTFVSQPGYVGLEGLPYFLEEPEDRTVAANTPFNLSCQAQGPPEPVDLLWLQDAVPLATAPGHGPQRSLHVPGLNKTSSFSCEAHNAKGVTTSRTATITVLPESPFVGNPGNITGARGLTGTLRCQLQVQGEPPEVHWLRDGQILELADSTQTQVPLGEDEQDDWIVVSQLRITSLQLSDTGQYQCLVFLGHQTFVSQPGYVGLEGLPYFLEEPEDRTVAANTPFNLSCQAQGPPEPVDLLWLQDAVPLATAPGHGPQRSLHVPGLNKTSSFSCEAHNAKGVTTSRTATITVLP,12,0.76056115005732,0.7966644051319991,0.03610325507467915,-0.17126174465146912,-0.18936748790601424,-0.018105743254545115
456,ESRAKKFQRQHMDSDSSPSSSSTYCNQMMRRRNMTQGRCKPVNTFVHEPLVDVQNVCFQEKVTCKNGQGNCYKSNSSMHITDCRLTNGSRYPNCAYRTSPKERHIIVACEGSPYVPVHFDASVEDS,23,1.7563751907225305,7.70499675121511,5.94862156049258,-0.3637327493982129,-0.6466474277386758,-0.2829146783404629
456,EVQLVQSGAEVKKPGSSVKVSCKASGGTFSSYAISWVRQAGQGLEWMGGIIPIFGTANYAQKFQGRVTITADESTSTAYMELSSLRSEDTAVYYCARTFHIRRYRSGYYDKMDHWGQGTLVTVSSASTKGPSVFPLAPSSKSTSGGTAALGCLVKDYFPEPVTVSWNSGALTSGVHTFPAVLESSGLYSLSSVVTVPSSSLGTQTYICNVNHKPSNTKVDKKVEPKVLTQPPSVSGAPGQRVTISCSGSSSNIGSNYVSWYQQKPGTAPKLLIYDNNQRPSGVPDRFSGSKSGTSAVLAITGLQSEDEADYYCQSRDISQYVFGGGTKLTVLRTVAAPSVFIFPPSDEQLKSGTASVVCLLNNFYPREAKVQWKVDNALQSGNSQESVTEQDSKDSTYSLSSTLTLSKADYEKHKVYACEVTHQGLSSPVTKSFNRG,28,0.5055615153201901,4.592058551817331,4.086497036497141,-0.2656653090947243,-0.14491226428400159,0.12075304481072272
456,FFLESPSNLSTIAGESITFRCSAEKSPEPIVYSQWKSNTGSLLGYHQEGILPGHQGRFSYIKQNAEELHLKITHVNLDDDGEYECQMLHPEEGPIRAKSFLNIIVPPQLVYFSNYQPNSIIAVKENTPLNITCVVPNVKPEPEVLWYMDGKVMSRDVKQASTPHLNKTFTVYTSLVVQSDRNDHGKVITCEAFQKETDIRITTNTTLDVLFPPSDPTVEILRNPSALRSGDNVTIACSVTGGNPPPDVFWYHENKRLQSHSTLDTRSKEIKNIYSFIASQNDNMAEYECRANNSRPKRKAMKLEVNYPPASVELFGESNIRYGSSANIQCKSLPSNPASQITWIINGRSVPTPTQREFVVENGIVSSSCVSVHSNELSVEAHQINVECMATNPEGSSAKQHVIKIIA,10,1.4253000933619047,1.4492636487953372,0.023963555433432537,0.09142658057031339,0.7751146127085144,0.6836880321382011
456,FKVLQEPTCVSDYMSISTCEWKMNGPTNCSTELRLLYQLVFLLSEAHTCIPENNGGAGCVCHLLMDDVVSADNYTLDLWAGQQLLWKGSFKPSEHVKPRAPGNLTVHDTLLLTWSNPYPPDNYLYNHLTYAVNIWSENDPADFRIYNVTYLEPSLRIAAGISYRARVRAWAQAYNTTWSEWSPSTKWH,37,0.7078043174424994,4.407957964046012,3.7001536466035123,0.3839052555224547,0.005001965897603308,-0.37890328962485137
456,GDELLNICMNAKHHKRVPSPEDKLYEECIPWKDNACCTLTTSWEAHLDVSPLYNFSLFHCGLLMPGCRKHFIQAICFYECSPNLGPWIQPVGSLGWEVGERVVNVPLCQEDCEEWWEDCRMSYTCKSNWRGGWDWSQGKNRCPKGAQCLPFSHYFPTPADLCEKTWSNSFKASPERRNSGRCLQKWFEPAQGNPNVAVARLFASGRLVP,8,0.844838875470828,1.2786753456113542,0.4338364701405262,-0.4016962863740616,0.1484981692179655,0.5501944555920271
456,GDVEKGKKIFVQKCAQCHTVEKGGKHKTGPNLHGLFGRKTGQAPGFTYTDANKNKGITWKEETLMEYLENPKKYIPGTKMIFAGIKKKTEREDLIAYLKKATNE,9,0.49121510397241736,2.364406503905763,1.8731913999333458,0.9759376431886362,-0.9781293908624961,-1.9540670340511324
456,GELRVLLTVGSIMSPNSADRQVWLNKTLTAPGTNSNDNLVKIAHDLGHYLIMQGFMHIKTVEWYTPDFQPSRDPTPIAGMSVMVNITKKADVYFMKQFKNSYTNNRHQITSIFLIKPLADFKVQCYMSYFKRESHDNDGVANLTVRSMTSPETIRFQVGEWYLLTSTTLKENNLPEGWVWDRVELKSDTPYYADQALTYFITPPPVDSQILFEGNT,6,0.31101564348464134,2.615637627240732,2.3046219837560904,,,
456,GITTPEEMIEKAKGETAYLPCKFTLSPEDQGPLDIEWLISPADNQKVDQVIILYSGDKIYDDYYPDLKGRVHFTSNDLKSGDASINVTNLQLSDIGTYQCKVKKAPGVANKKIHLVVLVKPSGA,7,0.37816686547842493,5.1356855193108135,4.757518653832388,0.8672482437145759,-0.5051607994505063,-1.3724090431650822
456,GMSAWLRAIGLERYEEGLVHNGWDDLEFLSDITEEDLEEAGVQDPAHKRLLLDTLQLSK,5,0.542757982817576,1.5602427212277192,1.0174847384101433,0.8450846984679871,-0.7799412971132514,-1.6250259955812385
456,GSHSMRYFYTSVSRPGRGEPRFIAVGYVDDTQFVRFDSDAASQRMEPRAPWIEQEGPEYWDQETRNVKAQSQTDRVDLGTLRGYYNQSEDGSHTIQIMYGCDVGPDGRFLRGYRQDAYDGKDYIALNEDLRSWTAADMAAQITKRKWEAAHAAEQQRAYLEGRCVEWLRRYLENGKETLQRTDPPKTHMTHHPISDHEATLRCWALGFYPAEITLTWQRDGEDQTQDTELVETRPAGDGTFQKWAAVVVPSGEEQRYTCHVQHEGLPKPLTLRWMIQRTPKIQVYSRHPAENGKSNFLNCYVSGFHPSDIEVDLLKNGERIEKVEHSDLSFSKDWSFYLLYYTEFTPTEKDEYACRVNHVTLSQPKIVKWDRDMMLIYSMWGK,5,0.7647873919345787,0.38680854307125867,-0.37797884886332,0.2550704575547112,-0.09626747015768575,-0.3513379277123969
456,IPF,12,0.855209190418019,3.3264677995429692,2.47125860912495,0.383301544492338,-0.07097508710769247,-0.45427663160003046
456,IVGGYTCEENSLPYQVSLNSGSHFCGGSLISEQWVVSAAHCYKTRIQVRLGEHNIKVLEGNEQFINAAKIIRHPKYNRDTLDNDIMLIKLSSPAVINARVSTISLPTAPPAAGTECLISGWGNTLSFGADYPDELKCLDAPVLTQAECKASYPGKITNSMFCVGFLEGGKDSCQRDAGGPVVCNGQLQGVVSWGHGCAWKNRPGVYTKVYNYVDWIKDTIAANS,9,1.3835615779169355,3.473857963044604,2.0902963851276684,0.7383458991629523,-0.12028206797996197,-0.8586279671429143
456,IVGGYTCGANTVPYQVSLNSGYHFCGGSLINSQWVVSAAHCYKSGIQVRLGEDNINVVEGNEQFISASKSIVHPSYNSNTLNNDIMLIKLKSAASLNSRVASISLPTSCASAGTQCLISGWGNTKSSGTSYPDVLKCLKAPILSDSSCKSAYPGQITSNMFCAGYLEGGKDSCQGDSGGPVVCSGKLQGIVSWGSGCAQKNKPGVYTKVCNYVSWIKQTIASN,12,1.452268131311805,4.258974160721132,2.8067060294093267,0.5763708873256795,-0.31627673777202336,-0.8926476250977029
456,IVYGDYNNDGNVDALDFAGLKKYIMAAYVKNLDVNLDNEVNAFDLAILKKYLLGMV,19,1.2971663017792974,4.589837776774403,3.292671474995106,-0.025642338895758038,0.5910610101836674,0.6167033490794255
456,KETAAAKFERQHMDSSTSAASSSNYCNQMMKSRNLTKDRCKPVNTFVHESLADVQAVCSQKNVACKNGQTNCYQSYSTMSITDCRETGSSKYPNCAYKTTQANKHIIVACEGNPYVPVHFDASV,7,1.2563953481964287,6.999473660857393,5.743078312660964,0.9426769159226784,0.950905219990126,0.008228304067447567
456,KKAVINGEQIRSISDLHQTLKKELALPEAYGENLDALWDALTGWVEYPLVLEWRQFEQSKQLTGAESVLQVFREAKAEGADITIILS,6,1.5656775684429585,4.7867164832005065,3.221038914757548,0.27180161196918107,0.9206685025952341,0.6488668906260531
456,KKAVINGEQIRSISDLHQTLKKELALPEYYGENLAALWDALTGWVEYPLVLEWRQFEQSKQLTGAESVLQVFREAKAEGADITIILS,8,1.6921068647113995,4.374690803891493,2.682583939180094,0.1887468257713153,0.316110562826291,0.12736373705497572
456,KKAVINGEQIRSISDLHQTLKKELALPEYYGENLDALFDALTGWVEYPLVLEWRQFEQSKQLTGAESVLQVFREAKAEGADITIILS,6,1.4647757219311295,6.088186879995679,4.62341115806455,0.26040517354167975,0.6925796026033282,0.43217442906164844
456,KKAVINGEQIRSISDLHQTLKKELALPEYYGENLDALWAALTGWVEYPLVLEWRQFEQSKQLTGAESVLQVFREAKAEGADITIILS,11,1.9939207001143544,3.744944947703404,1.7510242475890496,0.6532473864977085,0.10580549870938674,-0.5474418877883218
456,KKAVINGEQIRSISDLHQTLKKELALPEYYGENLDALWDALAGWVEYPLVLEWRQFEQSKQLTGAESVLQVFREAKAEGADITIILS,6,1.4445505358914361,5.962088876031675,4.51753834014024,0.3337303864097433,0.6584122012123619,0.3246818148026186
456,KKAVINGEQIRSISDLHQTLKKELALPEYYGENLDALWDALTGWVEYPLVLEWRQFEQSKQLTGAESVLQVFRAAKAEGADITIILS,9,1.515922205296319,6.176485157402443,4.660562952106123,0.32660838457570535,0.5298346506003172,0.20322626602461186
456,KKAVINGEQIRSISDLHQTLKKELALPEYYGENLDALWDALTGWVEYPLVLEWRQFEQSKQLTGAESVLQVFREAKAAGADITIILS,7,1.533588810854048,6.344121615790074,4.8105328049360265,0.12245247223429084,0.4569934182257769,0.33454094599148604
456,KKAVINGEQIRSISDLHQTLKKELALPEYYGENLDALWDALTGWVEYPLVLEWRQFEQSKQLTGAESVLQVFREAKAEGADITIILS,31,2.2738627727862504,6.734903829397121,4.4610410566108705,0.6754068157461086,0.30482284766413525,-0.37058396808197336
456,KTLQRFENKIKAGDYYEAHQTLRTIANRYVRSKSYEHAIELISQGALSFLKAKQGGSGTDLIFYLLEVYDLAEVKVDDISVARLVRLIAELDPSEPNLKDVITGMNNWSIKFSEYKFGDPYLHNTIGSKLLEGDFVYEAERYFMLGTHDSMIKYVDLLWDWLCQVDDIEDSTVAEFFSRLVFNYLFISNISFAHESKDIFLERFIEKFHPKYEKIDKNGYEIVFFEDYSDLNFLQLLLITCQTADASYFLNLKNHYLDFSQAYKSELEFLGQEYFNTSASGPEHEFVSKFLTLATLTEPKLPKSYTKPLKDVTNLGVPLPTLKYKYKQ,14,0.6169741721876133,2.045052647621635,1.4280784754340217,0.0784244377514067,0.42014598816888,0.3417215504174733
456,KVFERCELARTLKRLGMDGYRGISLANWMCLAKWESGYNTRATNYNAGDRSTDYGIFQINSRYWCNDGKTPGAVNACHLSCSALLQDNIADAVACAKRVVRDPQGIRAWVAWRNRCQNRDVRQYVQGCGV,5,1.1173858209348608,5.3812613233238435,4.2638755023889825,0.637645678640392,0.7165099370960459,0.07886425845565392
456,KVFGRCELAAAMKRHGLDNARGYSLGNWVCAAKFESNFNTQATNRNTDGSTDYGILQINSRWWCNDGRTPGSRNLCNIPCSALLSSDITASVNCAKKIVSDGNGMNAWVAWRNRCKGTDVQAWIRGCRL,7,2.183998087822985,1.4812356296057485,-0.7027624582172367,0.6186776002081267,-0.6059601015235712,-1.2246377017316978
456,KVFGRCELAAAMKRHGLDNYAGYSLGNWVCAAKFESNFNTQATNRNTDGSTDYGILQINSRWWCNDGRTPGSRNLCNIPCSALLSSDITASVNCAKKIVSDGNGMNAWVAWRNRCKGTDVQAWIRGCRL,11,1.811378765740414,1.546783525348193,-0.26459524039222093,0.12494276314251353,-0.11634949713245014,-0.24129226027496367
456,KVFGRCELAAAMKRHGLDNYRGYSLGNWVCAAKFESNFNTQATNRNTDGSTDYGILQINSRWWCNDGRTPGSRNLCNIPCSALLSSDITASVNCAAKIVSDGNGMNAWVAWRNRCKGTDVQAWIRGCRL,7,3.578100002520563,3.0669919099293956,-0.5111080925911673,0.9134503500260006,-0.9259193186710601,-1.8393696686970609
456,KVFGRCELAAAMKRHGLDNYRGYSLGNWVCAAKFESNFNTQATNRNTDGSTDYGILQINSRWWCNDGRTPGSRNLCNIPCSALLSSDITASVNCAKAIVSDGNGMNAWVAWRNRCKGTDVQAWIRGCRL,10,2.4557794668687403,1.9909397213939037,-0.46483974547483653,0.1595685565515624,-0.05696560888967389,-0.2165341654412363
456,KVFGRCELAAAMKRHGLDNYRGYSLGNWVCAAKFESNFNTQATNRNTDGSTDYGILQINSRWWCNDGRTPGSRNLCNIPCSALLSSDITASVNCAKKIVSAGNGMNAWVAWRNRCKGTDVQAWIRGCRL,5,1.0530055377008385,1.364239014516469,0.3112334768156304,0.9270591566549738,-0.9309465085348323,-1.8580056651898063
456,KVFGRCELAAAMKRHGLDNYRGYSLGNWVCAAKFESNFNTQATNRNTDGSTDYGILQINSRWWCNDGRTPGSRNLCNIPCSALLSSDITASVNCAKKIVSDGNGMNAWVAWRNRCKGTDVQAWIRGCRL,182,1.3878291742776123,1.844584734906307,0.4567555606286946,0.37172779587445237,-0.17359692721533387,-0.5453247230897862
456,KVNPPQDFEIVDPGYLGYLYLQWQPPLSCTVEYELKYRNIGSETWKTIITKNLHYKDGFDLNKGIEAIHTLLPWQCTNGSEVQSSWAETTYWISPQGIPETVQDMDCVYYNWQYLLCSWKPGTNYNLFYWYEGLDHALQCVDYIKAQNIGCRFPYLEASDYKDFYICVNGSIRSSYFTFQLQNIVKPLPPVYLTFTKLKWSIPLGPIPARCFDYEIEITATVENETYFVVRSKVNIYCSDDGIWSEWSDK,5,1.5536849108292978,4.997192171431782,3.443507260602484,-0.15722311751564444,0.6836043045301777,0.8408274220458222
456,KYPYRVCSMAQGTDLIRFERNIVCTSMLDEGIMVVYKRNIVAHTFKVRVYQKVLTFRRSYAYHRTTYLLGSNTEYVAPPMWEIHHINSHSQCYSSYSRVIAGTVFVAYHRDSYENKTMQLMPDDYTHSTRYVTVKDQWHSRNLTRETSNLNCMVTITTARSKYPYHFFATSTGDVVDISPFYNGTNRNASYFGENADKFFIFPNYTIVSDFGRPNSALETHRLVAFLERADSVISWDIQDEKNVTCQLTFWEASERTIRSEAEDSYHFSSAKMTATFLSKKQEVNMSDSALDCVRDEAINKLQQIFNTSYNQTYEKYGNVSVFETTGGLVVFWQGIKQHLSNMESVHNLVYAQLQFTYDTLRGYINRALAQIAEAWCVDQRRTLEVFKELSKINPSAILSAIYNKPIAARFMGDVLGLASCVTINQTSVKVLRDMNVKESPGRCYSRPVVIFNFANSSYVQYGQLGEDNEILLGNHRTEECQLPSLKIFIAGNSAYEYVDYLFKRMIDLSSISTVDSMIALDIDPLENTDFRVLELYSQKELRSSNVFDLEEIMREFNSYKQRVKY,9,0.7038894752441696,5.527687756254442,4.823798281010273,-0.15023080363705016,0.4097766171736904,0.5600074208107406
456,LNIHIKSGQDKWEVNVAPESTVLQFKEAINKANGIPVANQRLIYSGKILKDDQTVESYHIQDGHSVHLVKSQ,12,0.8409962903835687,1.7174955180762537,0.876499227692685,-0.2962316698952521,0.23747339270514578,0.5337050626003979
456,LPPGKPEIFKCRSPNKETFTCWWRPGTDGTNYSLTYHREGETLMHECPDYITGGPNSCHFGKQYTSMWRTYIMMVNATNSSFSDELYVDVTYIVQPDPPLELAVEVKQPEDRKPYLWIKWSPPTLIDLKTGWFTLLYEIRLKPEKAAEWEIHFAGQQTEFKILSLHPGQKYLVQVRCKPDHGYWSAWSPATFIQIPS,60,1.0034453111253676,3.679318418385181,2.6758731072598136,0.04003472216385792,0.4151196400895507,0.37508491792569276
456,LRLLDHRALVCSQPGLNCTVKNSTCLDDSWIHPRNLTPSSPKDLQIQLHFAHTQQGDLFPVAHIEWTLQTDASILYLEGAELSVLQLNTNERLCVRFEFLSKLRHHHRRWRFTFSHFVVDPDQEYEVTVHHLPKPIPDGDPNHQSKNFLVPDCEHARMKVTTPCMSSGSLWDPDITVETLEAHQLRVSFTLWNESTHYQILLTSFPHMENHSCFEHMHHIPAPRPEEFHQRSDVTLTLRNLKGCCRHQVQIQPFFSSCLNDCLRHSATVSCP,5,1.0974197935216952,0.4741702881920734,-0.6232495053296218,-0.1027289069962231,0.21572540412169633,0.31845431111791944
456,LSLLYHLTAVSSPAPGTPAFWVSGWLGPQQYLSYNSLRGEAEPCGAWVWENQVSWYWEKETTDLRIKEKLFLEAFKALGGKGPYTLQGLLGCELGPDNTSVPTAKFALNGEEFMNFDLKQGTWGGDWPEALAISQRWQQQDKAANKELTFLLFSCPHRLREHLERGRGNLEWKEPPSMRLKARPSSPGFSVLTCSAFSFYPPELQLRFLRNGLAAGTGQGDFGPNSDGSFHASSSLTVKSGDEHHYCCIVQHAGLAQPLRVELEIQRTPKIQVYSRHPAENGKSNFLNCYVSGFHPSDIEVDLLKNGERIEKVEHSDLSFSKDWSFYLLYYTEFTPTEKDEYACRVNHVTLSQPKIVKWDRDM,15,1.022442703388279,1.3559872145970435,0.3335445112087645,-0.4415185838549017,-0.8772391755976239,-0.43572059174272215
456,MDKPKRKEAVIIMNVAAHHGSELNGELLLNSIQQAGFIFGDMNIYHRHLSPDGSGPALFSLANMVKPGTFDPEMKDFTTPGVTIFMQVPSYGDELQLFKLMLQSAQHIADEVGGVVLDDQRRMMTPQKLREYQDIIREVKDANA,13,1.0951538419125268,8.08733082032864,6.992176978416113,-0.2258028949010013,-0.011467884080968466,0.21433501082003284
456,MDRRQKRLIFSTITSKMNLSEEVDLEDYVARPDKISGADINSICQESGMLAVRENRYIVLAKDFEKAYKTVIK,6,0.9073831791312993,3.8186443380353476,2.9112611589040482,0.8672859339761793,0.5715147602307531,-0.29577117374542616
456,MDSVTQTEGLVTLTEGLPVMLNCTYQSTYSPFLFWYVQHLNEAPKLLLKSFTDNKRPEHQGFHATLHKSSSSFHLQKSSAQLSDSALYYCALFLASSSFSKLVFGQGTSLSVVPNIQNPEPAVYQLKDPRSQDSTLCLFTDFDSQINVPKTMESGTFITDKTVLDMKAMDSKSNGAIAWSNQTSFTCQDIFKETEAAVTQSPRSKVAVTGGKVTLSCHQTNNHDYMYWYRQDTGHGLRLIHYSYVADSTEKGDIPDGYKASRPSQENFSLILELASLSQTAVYFCASSDWVSYEQYFGPGTRLTVLEDLRNVTPPKVSLFEPSKAEIANKQKATLVCLARGFFPDHVELSWWVNGKEVHSGVSTDPQAYKESNYSYALSSRLRVSATFWHNPRNHFRCQVQFHGLSEEDKWPEGSPKPVTQNISAEAWGRA,8,0.3198753861806902,2.123328531673418,1.8034531454927278,0.8508966528588264,0.26692992112905434,-0.5839667317297721
456,MESKRNKPGKATGKGKPVGDKWLDDAGKDSGAPIPDRIADKLRDKEFKSFDDFRKAVWEEVSKDPELSKNLNPSNKSSVSKGYSPATPKNQQVGGRKVYELHHDKPISQGGEVYDMDNIRVTTPKRHIDIH,6,4.049801797968428,4.917228369692867,0.8674265717244394,0.8935554185417495,0.26348976506464294,-0.6300656534771065
456,MESKRNKPGKATGKGKPVGDKWLDDAGKDSGAPIPDRIADKLRDKEFKSFDDFRKAVWEEVSKDPELSKNLNPSNKSSVSKGYSPFTPKNQQVGGRKVYELHHDKPISQGGEVYDMDNIRVTTPKRHIDIH,43,1.1240506505988916,8.168003979842247,7.043953329243355,0.7216569156709338,-0.29139670456943856,-1.0130536202403724
456,MFVWTNVEPRSVAVFPWHSLVPFLAMFVWTNVEPRSVAVFPWHSLVPFLA,7,0.8622734384084004,3.3694862204033447,2.5072127819949444,0.6862926044266942,0.23059042802570587,-0.4557021764009883
456,MKKAVINGEQIRSISDLHQTLKKELALPEYYGENLDALWDCLTGWVEYPLVLEWRQFEQSKQLTENGAESVLQVFREAKAEGCDITIILS,6,3.06962242781181,7.797574591383122,4.727952163571312,0.758315031560491,0.9824907030436991,0.22417567148320816
456,MKTEWPELVGKSVEEAKKVILQDKPAAQIIVLPVGTIVTMEYRIDRVRLFVDRLDNIAQVPRVG,14,0.7401954317238673,9.93617421381108,9.195978782087213,,,
456,MLPPGKPEIFKCRSPNKETFTCWWRPGTDGGLPTNYSLTYHREGETLMHECPDYITGGPNSCHFGKQYTSMWRTYIMMVNATNQMGSSFSDELYVDVTYIVQPDPPLELAVEVKQPEDRKPYLWIKWSPPTLIDLKTGWFTLLYEIRLKPEKAAEWEIHFAGQQTEFKILSLHPGQKYLVQVRCKPDHGYWSAWSPATFIQIPSDF,17,0.5507486685081133,9.041967504808365,8.491218836300252,-0.01646866634063488,-0.3326225104236584,-0.31615384408302355
456,MQIFVKTLTGKTITLEVEPSDTIENVKAKIQDKEGIPPDQQRLIFAGKQLEDGRTLSDYNIQKESTLHLVLR,9,1.0232677849290357,5.8119319799871185,4.788664195058082,0.28664801608423834,-0.39588037399946063,-0.6825283900836989
456,MQIFVKTLTGKTITLEVEPSDTIENVKAKIQDKEGIPPDQQRLIFAGKQLEDGRTLSDYNIQKESTLHLVLRLRGG,13,0.502680005684127,6.900134914731251,6.397454909047124,0.8381538320023936,0.5822317022890893,-0.2559221297133043
456,MQIFVKTLTGKTITLEVEPSDTIENVKAKIQDKEGIPPDQQRLIFAGKQLEDGRTLSDYNIQKESTLHLVLRXXXXXXXXXXXXXXXXXXXXXXXXXXXXXXXXXXXXXXXXXXXXXX,6,0.4672330585206676,23.959803230345788,23.492570171825122,0.5406195010803552,-0.804463708348494,-1.3450832094288492
456,MRLNVNPTRMELTRLKKQLTTATRGHKLLKDKQDELMRQFILLIRKNNELRQAIEKETQTAMKDFVLADELLALNVSISVVEKNIMSVKVPLMNFQELDRSIDGFTQLLPKLLKLAEVEKTCQLMAEEIEKTRRRVNALEYMTIPQLEETIYYIKMKLEENERAEVTRLIKVKNMGTYKIGVVGDKDSVSPFRLFGFDVQHGTTKTEIRKTIDEMAKNEYGVIYITEQCANLVPETIERYKGQLTPAIILIPSHQGTLGIGLEEIQNSVEKAVGQNIL,8,0.7235379737980514,0.4664331400682092,-0.2571048337298422,0.4677069973956731,-0.1150792843614934,-0.5827862817571665
456,MSEQNNTEMTFQIQRIYTKDISFEAPNAPHVFQKDWQPEVKLDLDTASSQLADDVYEVVLRVTVTASLGEETAFLCEVQQGGIFSIAGIEGTQMAHCLGAYCPNILFPYARECITSMVSRGTFPQLNLAPVNFDALFMNYLQQQAGEGTEEHQDAMSEQNNTEMTFQIQRIYTKDISFEAPNAPHVFQKDWQPEVKLDLDTASSQLADDVYEVVLRVTVTASLGEETAFLCEVQQGGIFSIAGIEGTQMAHCLGAYCPNILFPYARECITSMVSRGTFPQLNLAPVNFDALFMNYLQQQAGEGTEEHQDAMSEQNNTEMTFQIQRIYTKDISFEAPNAPHVFQKDWQPEVKLDLDTASSQLADDVYEVVLRVTVTASLGEETAFLCEVQQGGIFSIAGIEGTQMAHCLGAYCPNILFPYARECITSMVSRGTFPQLNLAPVNFDALFMNYLQQQAGEGTEEHQDAMSEQNNTEMTFQIQRIYTKDISFEAPNAPHVFQKDWQPEVKLDLDTASSQLADDVYEVVLRVTVTASLGEETAFLCEVQQGGIFSIAGIEGTQMAHCLGAYCPNILFPYARECITSMVSRGTFPQLNLAPVNFDALFMNYLQQQAGEGTEEHQDA,7,0.44518594056337163,3.135180075959175,2.6899941353958035,0.8302466616350329,-0.5523406749189212,-1.382587336553954
456,MTEYKLVVVGAGGVGKSALTIQLIQNHFVDKYDPTIADSYRKQVVIDGETCLLDILDTAGQEEYSAMRDQYMRTGEGFLCVFAINNTKSFEDIHQYREQIKRVKDSDDVPMVLVGNKCDLAARTVESRQAQDLARSYGIPYIETSAKTRQGVEDAFYTLVREIRQHK,6,0.6625472426605303,1.727119869394043,1.0645726267335127,0.8389390255159228,0.1177815151683526,-0.7211575103475703
456,MTEYKLVVVGAGGVGKSALTIQLIQNHFVDKYDPTIEASYRKQVVIDGETCLLDILDTAGQEEYSAMRDQYMRTGEGFLCVFAINNTKSFEDIHQYREQIKRVKDSDDVPMVLVGNKCDLAARTVESRQAQDLARSYGIPYIETSAKTRQGVEDAFYTLVREIRQHK,5,2.0431086551508444,3.0226634809586956,0.9795548258078512,0.8400919644370762,0.701356236554135,-0.1387357278829412
456,MTEYKLVVVGAGGVGKSALTIQLIQNHFVDKYDPTIEDAYRKQVVIDGETCLLDILDTAGQEEYSAMRDQYMRTGEGFLCVFAINNTKSFEDIHQYREQIKRVKDSDDVPMVLVGNKCDLAARTVESRQAQDLARSYGIPYIETSAKTRQGVEDAFYTLVREIRQHK,6,1.3343762673916177,1.5657179958954992,0.23134172850388146,0.6622366643566489,-0.38714459447275507,-1.049381258829404
456,MTEYKLVVVGAGGVGKSALTIQLIQNHFVDKYDPTIEDSYRKQVVIDGETCLLDILDTAGQEEYSAMRDQYMRTGEGFLCVFAINNTKSFEDIHQYREQIKRVKDSDDVPMVLVGNKCDLAARTVESRQAQDLARSYGIPYIETSAKTRQGVEDAFYTLVREIRQHK,37,1.1387922464650004,0.7914061813446638,-0.34738606512033665,0.6434652197230007,0.5568964428143639,-0.08656877690863685
456,MTEYKLVVVGAVGVGKSALTIQLIQNHFVDEYDPTIEDSYRKQVVIDGETCLLDILDTAGQEEYSAMRDQYMRTGEGFLCVFAINNTKSFEDIHQYREQIKRVKDSDDVPMVLVGNKCDLAARTVESRQAQDLARSYGIPYIETSAKTRQGVEDAFYTLVREIRQH,17,0.7952961663558059,3.1826666392261913,2.3873704728703853,0.7695126990802386,-0.7602766254955543,-1.529789324575793
456,MWFGEFGGQYVPETLIEPLKELEKAYKRFKDDEEFNRQLNYYLKTWAGRPTPLYYAKRLTEKIGGAKIYLKREDLVHGGAHKTNNAIGQALLAKFMGKTRLIAETGAGQHGVATAMAGALLGMKVDIYMGAEDVERQKMNVFRMKLLGANVIPVNSGSRTLKDAINEALRDWVATFEYTHYLIGSVVGPHPYPTIVRDFQSVIGREAKAQILEAEGQLPDVIVACVGGGSNAMGIFYPFVNDKKVKLVGVEAGGKGLESGKHSASLNAGQVGVFHGMLSYFLQDEEGQIKPTHSIAPGLDYPGVGPEHAYLKKIQRAEYVTVTDEEALKAFHELSRTEGIIPALESAHAVAYAMKLAKEMSRDEIIIVNLSGRGDKDLDIVLKVS,5,0.08262544744389433,2.1789081550778064,2.096282707633912,,,
456,NECHPERTDGCQHFCLPGQESYTCSCAQGYRLGEDHKQCVPHDQCACGVLTSDLPWQVKLTNSEGKDFCGGVIIRENFVLTTAKCSLLHRNITVKTYFNRSQDPLMIKITHVHVHMRYDADAGENDLSLLELEWPIQCPGAGLPVCTPEKDFAEHLLIPRTRGLLSGWARNLTTRPVTLVEGEECGQVLNVTVTTRTYCERSSVAAMHWMDGSVVTREHRGSWFLTGVLGSQPVGGQAHMVLVTKVSRYSLWFKQIMNA,8,1.4146696576393087,1.610508504614673,0.19583884697536424,0.46367776452105935,0.10578643965259915,-0.3578913248684602
456,NLSELDRLLLEL,5,0.6042688750381887,0.30580387258504826,-0.29846500245314045,,,
456,NTIRVFLPNKQRTVVNVRNGMSLHDCLMKALKVRGLQPECCAVFRLLHEHKGKKARLDWNTDAASLIGEELQVDFL,8,1.3133876660651456,0.780994136398358,-0.5323935296667875,0.28974448109621825,0.9227900620789924,0.6330455809827742
456,PFVNKQFNYKDPVNGVDIAYIKIPNVGQMQPVKAFKIHNKIWVIPERDTFTNPEEGDLNPPPEAKQVPVSYYDSTYLSTDNEKDNYLKGVTKLFERIYSTDLGRMLLTSIVRGIPFWGGSTIDTELKVIDTNCINVIQPDGSYRSEELNLVIIGPSADIIQFECKSFGHEVLNLTRNGYGSTQYIRFSPDFTFGFEESLEVDTNPLLGAGKFATDPAVTLAHELIHAGHRLYGIAINPNRVFKVNTNAYYEMSGLEVSFEELRTFGGHDAKFIDSLQENEFRLYYYNKFKDIASTLNKAKSIVGTTASLQYMKNVFKEKYLLSEDTSGKFSVDKLKFDKLYKMLTEIYTEDNFVKFFKVLNRKTYLNFDKAVFKINIVPKVNYTIYDGFNLRNTNLAANFNGQNTEINNMNFTKLKNFTGLFEFYKLLCVRLCIKVNNWDLFFSPSEDNFTNDLNKGEEITSDTNIEANISLDLIQQYYLTFNFDNEPENISIENLSSDIIGQLELMPNIERFPNGKKYELDKYTMFHYLRAQEFEHGKSRIALTNSVNEALLNPSRVYTFFSSDYVKKVNKATEAAMFLGWVEQLVYDFTDETSEVSIADITIIIPYIGPALNIGNMLYKDDFVGALIFSGAVILLEFIPEIAIPVLGTFALVSYIANKVLTVQTIDNALSKRNEKWDEVYKYIVTNWLAKVNTQIDLIRKKMKEALENQAEATKAIINYQYNQYTEEEKNNINFNIDDLSSKLNESINKAMININKFLNQCSVSYLMNSMIPYGVKRLEDFDASLKDALLKYIYDNRGTLIGQVDRLKDKVNNTLSTDIPFQLSKYVDNQRLLSTFTEYIKNIINTSILNLRYESNHLIDLSRYASKINIGSKVNFDPIDKNQIQLFNLESSKIEVILKNAIVYNSMYENFSTSFWIRIPKYFNSISLNNEYTIINCMENNSGWKVSLNYGEIIWTLQDTQEIKQRVVFKYSQMINISDYINRWIFVTITNNRLNNSKIYINGRLIDQKPISNLGNIHASNNIMFKLDGCRDTHRYIWIKYFNLFDKELNEKEIKDLYDNQSNSGILKDFWGDYLQYDKPYYMLNLYDPNKYVDVNNVGIRGYMYLKGPRGSVMTTNIYLNSSLYRGTKFIIKKYASGNKDNIVRNNDRVYINVVVKNKEYRLATNASQAGVEKILSALEIPDVGNLSQVVVMKSKNDQGITNKCKMNLQDNNGNDIGFIGFHQFNNIAKLVASNWYNRQIERSSRTLGCSWEFIPVDDGWGERP,17,0.9305318956099097,5.752248787147676,4.821716891537766,0.38871258964116273,0.4448854682326796,0.05617287859151687
456,PGKATGKGKPVGDKWLDDAGKDSGAPIPDRIADKLRDKEFKSFDDFRKAVWEEVSKDPELSKNLNPSNKSSVSKGYSPATPKNQQVGCRKVYELHHDKGEVYDMDNIRVTTPK,6,2.268283514691554,1.2554664995424427,-1.0128170151491114,0.2549849956776541,-0.17473650902468185,-0.42972150470233594
456,PGKATGKGKPVGDKWLDDAGKDSGAPIPDRIADKLRDKEFKSFDDFRKAVWEEVSKDPELSKNLNPSNKSSVSKGYSPFTPKNQQVGCRKVYELHHDKGEVYDMDNIRVTTPK,33,1.880001092209043,4.184788860345748,2.3047877681367046,0.8752893037281052,-0.18164927184704072,-1.056938575575146
456,PKFTKCRSPERETFSCHWTLGPIQLFYTRRNTQEWTQEWKECPDYVSAGENSCYFNSSFTSIWIPYCIKLTSNGGTVDEKCFSVDEIVQPDPPIALNWTLLNGIHADIQVRWEAPRNADIQKGWMVLEYELQYKEVNETKWKMMDPILTTSVPVYSLKVDKEYEVRVRSKQRNSGNYGEFSEVLYVTLPQMS,109,0.6182296387844309,0.7513415850151632,0.1331119462307323,0.13569606935485423,0.024841148440002722,-0.11085492091485151
456,PLALLLDSSLEGEFDLVQRIIYEVDDPSLPNDEGITALHNAVCAGHTEIVKFLVQFGVNVNAADSDGWTPLHCAASCNNVQVCKFLVESGAAVFAMTYSDMQTAADKCEEMEEGYTQCSQFLYGVQEKMGIMNKGVIYALWDYEPQNDDELPMKEGDCMTIIHREDEDEIEWWWARLNDKEGYVPRNLLGLYP,7,0.24131708510433328,1.3095136035219284,1.068196518417595,0.7407730221919965,0.6953157511448278,-0.04545727104716868
456,PNRSISPSALQDLLRTLKSPSSPQQQQQVLNILKSNPQLMAAFIKQRTAKYVANQPGMQPNRSISPSALQDLLRTLKSPSSPQQQQQVLNILKSNPQLMAAFIKQRTAKYVANQPGMQPNRSISPSALQDLLRTLKSPSSPQQQQQVLNILKSNPQLMAAFIKQRTAKYVANQPGMQPNRSISPSALQDLLRTLKSPSSPQQQQQVLNILKSNPQLMAAFIKQRTAKYVANQPGMQPNRSISPSALQDLLRTLKSPSSPQQQQQVLNILKSNPQLMAAFIKQRTAKYVANQPGMQPNRSISPSALQDLLRTLKSPSSPQQQQQVLNILKSNPQLMAAFIKQRTAKYVANQPGMQPNRSISPSALQDLLRTLKSPSSPQQQQQVLNILKSNPQLMAAFIKQRTAKYVANQPGMQPNRSISPSALQDLLRTLKSPSSPQQQQQVLNILKSNPQLMAAFIKQRTAKYVANQPGMQPNRSISPSALQDLLRTLKSPSSPQQQQQVLNILKSNPQLMAAFIKQRTAKYVANQPGMQPNRSISPSALQDLLRTLKSPSSPQQQQQVLNILKSNPQLMAAFIKQRTAKYVANQPGMQPNRSISPSALQDLLRTLKSPSSPQQQQQVLNILKSNPQLMAAFIKQRTAKYVANQPGMQPNRSISPSALQDLLRTLKSPSSPQQQQQVLNILKSNPQLMAAFIKQRTAKYVANQPGMQPNRSISPSALQDLLRTLKSPSSPQQQQQVLNILKSNPQLMAAFIKQRTAKYVANQPGMQPNRSISPSALQDLLRTLKSPSSPQQQQQVLNILKSNPQLMAAFIKQRTAKYVANQPGMQPNRSISPSALQDLLRTLKSPSSPQQQQQVLNILKSNPQLMAAFIKQRTAKYVANQPGMQPNRSISPSALQDLLRTLKSPSSPQQQQQVLNILKSNPQLMAAFIKQRTAKYVANQPGMQPNRSISPSALQDLLRTLKSPSSPQQQQQVLNILKSNPQLMAAFIKQRTAKYVANQPGMQPNRSISPSALQDLLRTLKSPSSPQQQQQVLNILKSNPQLMAAFIKQRTAKYVANQPGMQPNRSISPSALQDLLRTLKSPSSPQQQQQVLNILKSNPQLMAAFIKQRTAKYVANQPGMQPNRSVSPSALQDLLRTLKSPSSPQQQQQVLNILKSNPQLMAAFIKQRTAKWVANQPGMQ,7,0.8599465914309631,14.602320081192152,13.742373489761189,-0.19184641420810844,0.5662696787518655,0.758116092959974
456,PNRSISPSALQDLLRTLKSPSSPQQQQQVLNILKSNPQLMAAFIKQRTAKYVANQPGMQPNRSISPSALQDLLRTLKSPSSPQQQQQVLNILKSNPQLMAAFIKQRTAKYVANQPGMQPNRSISPSALQDLLRTLKSPSSPQQQQQVLNILKSNPQLMAAFIKQRTAKYVANQPGMQPNRSISPSALQDLLRTLKSPSSPQQQQQVLNILKSNPQLMAAFIKQRTAKYVANQPGMQPNRSISPSALQDLLRTLKSPSSPQQQQQVLNILKSNPQLMAAFIKQRTAKYVANQPGMQPNRSISPSALQDLLRTLKSPSSPQQQQQVLNILKSNPQLMAAFIKQRTAKYVANQPGMQPNRSISPSALQDLLRTLKSPSSPQQQQQVLNILKSNPQLMAAFIKQRTAKYVANQPGMQPNRSISPSALQDLLRTLKSPSSPQQQQQVLNILKSNPQLMAAFIKQRTAKYVANQPGMQPNRSISPSALQDLLRTLKSPSSPQQQQQVLNILKSNPQLMAAFIKQRTAKYVANQPGMQPNRSISPSALQDLLRTLKSPSSPQQQQQVLNILKSNPQLMAAFIKQRTAKYVANQPGMQPNRSISPSALQDLLRTLKSPSSPQQQQQVLNILKSNPQLMAAFIKQRTAKYVANQPGMQPNRSISPSALQDLLRTLKSPSSPQQQQQVLNILKSNPQLMAAFIKQRTAKYVANQPGMQPNRSISPSALQDLLRTLKSPSSPQQQQQVLNILKSNPQLMAAFIKQRTAKYVANQPGMQPNRSISPSALQDLLRTLKSPSSPQQQQQVLNILKSNPQLMAAFIKQRTAKYVANQPGMQPNRSISPSALQDLLRTLKSPSSPQQQQQVLNILKSNPQLMAAFIKQRTAKYVANQPGMQPNRSISPSALQDLLRTLKSPSSPQQQQQVLNILKSNPQLMAAFIKQRTAKYVANQPGMQPNRSISPSALQDLLRTLKSPSSPQQQQQVLNILKSNPQLMAAFIKQRTAKYVANQPGMQPNRSISPSALQDLLRTLKSPSSPQQQQQVLNILKSNPQLMAAFIKQRTAKYVANQPGMQPNRSISPSALQDLLRTLKSPSSPQQQQQVLNILKSNPQLMAAFIKQRTAKYVANQPGMQPNRSISPSAAQDLLRTLKSPSSPQQQQQVLNILKSNPQLMAAFIKQRTAKWVANQPGMQ,8,1.3576021114824732,13.951309434341251,12.593707322858778,-0.19096270833513276,0.4203249188049101,0.6112876271400428
456,PNRSISPSALQDLLRTLKSPSSPQQQQQVLNILKSNPQLMAAFIKQRTAKYVANQPGMQPNRSISPSALQDLLRTLKSPSSPQQQQQVLNILKSNPQLMAAFIKQRTAKYVANQPGMQPNRSISPSALQDLLRTLKSPSSPQQQQQVLNILKSNPQLMAAFIKQRTAKYVANQPGMQPNRSISPSALQDLLRTLKSPSSPQQQQQVLNILKSNPQLMAAFIKQRTAKYVANQPGMQPNRSISPSALQDLLRTLKSPSSPQQQQQVLNILKSNPQLMAAFIKQRTAKYVANQPGMQPNRSISPSALQDLLRTLKSPSSPQQQQQVLNILKSNPQLMAAFIKQRTAKYVANQPGMQPNRSISPSALQDLLRTLKSPSSPQQQQQVLNILKSNPQLMAAFIKQRTAKYVANQPGMQPNRSISPSALQDLLRTLKSPSSPQQQQQVLNILKSNPQLMAAFIKQRTAKYVANQPGMQPNRSISPSALQDLLRTLKSPSSPQQQQQVLNILKSNPQLMAAFIKQRTAKYVANQPGMQPNRSISPSALQDLLRTLKSPSSPQQQQQVLNILKSNPQLMAAFIKQRTAKYVANQPGMQPNRSISPSALQDLLRTLKSPSSPQQQQQVLNILKSNPQLMAAFIKQRTAKYVANQPGMQPNRSISPSALQDLLRTLKSPSSPQQQQQVLNILKSNPQLMAAFIKQRTAKYVANQPGMQPNRSISPSALQDLLRTLKSPSSPQQQQQVLNILKSNPQLMAAFIKQRTAKYVANQPGMQPNRSISPSALQDLLRTLKSPSSPQQQQQVLNILKSNPQLMAAFIKQRTAKYVANQPGMQPNRSISPSALQDLLRTLKSPSSPQQQQQVLNILKSNPQLMAAFIKQRTAKYVANQPGMQPNRSISPSALQDLLRTLKSPSSPQQQQQVLNILKSNPQLMAAFIKQRTAKYVANQPGMQPNRSISPSALQDLLRTLKSPSSPQQQQQVLNILKSNPQLMAAFIKQRTAKYVANQPGMQPNRSISPSALQDLLRTLKSPSSPQQQQQVLNILKSNPQLMAAFIKQRTAKYVANQPGMQPNRSISPSALQDLLRTLKSPSSPQQQQQVLNILKSNPQLMAAFIKQRTAKYVANQPGMQPNRSISPSALQDALRTLKSPSSPQQQQQVLNILKSNPQLMAAFIKQRTAKWVANQPGMQ,7,0.7195206587722791,14.676120481545885,13.956599822773606,0.27448941721285525,0.37560785580477096,0.10111843859191572
456,PNRSISPSALQDLLRTLKSPSSPQQQQQVLNILKSNPQLMAAFIKQRTAKYVANQPGMQPNRSISPSALQDLLRTLKSPSSPQQQQQVLNILKSNPQLMAAFIKQRTAKYVANQPGMQPNRSISPSALQDLLRTLKSPSSPQQQQQVLNILKSNPQLMAAFIKQRTAKYVANQPGMQPNRSISPSALQDLLRTLKSPSSPQQQQQVLNILKSNPQLMAAFIKQRTAKYVANQPGMQPNRSISPSALQDLLRTLKSPSSPQQQQQVLNILKSNPQLMAAFIKQRTAKYVANQPGMQPNRSISPSALQDLLRTLKSPSSPQQQQQVLNILKSNPQLMAAFIKQRTAKYVANQPGMQPNRSISPSALQDLLRTLKSPSSPQQQQQVLNILKSNPQLMAAFIKQRTAKYVANQPGMQPNRSISPSALQDLLRTLKSPSSPQQQQQVLNILKSNPQLMAAFIKQRTAKYVANQPGMQPNRSISPSALQDLLRTLKSPSSPQQQQQVLNILKSNPQLMAAFIKQRTAKYVANQPGMQPNRSISPSALQDLLRTLKSPSSPQQQQQVLNILKSNPQLMAAFIKQRTAKYVANQPGMQPNRSISPSALQDLLRTLKSPSSPQQQQQVLNILKSNPQLMAAFIKQRTAKYVANQPGMQPNRSISPSALQDLLRTLKSPSSPQQQQQVLNILKSNPQLMAAFIKQRTAKYVANQPGMQPNRSISPSALQDLLRTLKSPSSPQQQQQVLNILKSNPQLMAAFIKQRTAKYVANQPGMQPNRSISPSALQDLLRTLKSPSSPQQQQQVLNILKSNPQLMAAFIKQRTAKYVANQPGMQPNRSISPSALQDLLRTLKSPSSPQQQQQVLNILKSNPQLMAAFIKQRTAKYVANQPGMQPNRSISPSALQDLLRTLKSPSSPQQQQQVLNILKSNPQLMAAFIKQRTAKYVANQPGMQPNRSISPSALQDLLRTLKSPSSPQQQQQVLNILKSNPQLMAAFIKQRTAKYVANQPGMQPNRSISPSALQDLLRTLKSPSSPQQQQQVLNILKSNPQLMAAFIKQRTAKYVANQPGMQPNRSISPSALQDLLRTLKSPSSPQQQQQVLNILKSNPQLMAAFIKQRTAKYVANQPGMQPNRSISPSALQDLLRTAKSPSSPQQQQQVLNILKSNPQLMAAFIKQRTAKWVANQPGMQ,7,0.7334109412796732,14.631710936228073,13.898299994948399,0.28176372138970784,0.35795804188741775,0.07619432049770991
456,PNRSISPSALQDLLRTLKSPSSPQQQQQVLNILKSNPQLMAAFIKQRTAKYVANQPGMQPNRSISPSALQDLLRTLKSPSSPQQQQQVLNILKSNPQLMAAFIKQRTAKYVANQPGMQPNRSISPSALQDLLRTLKSPSSPQQQQQVLNILKSNPQLMAAFIKQRTAKYVANQPGMQPNRSISPSALQDLLRTLKSPSSPQQQQQVLNILKSNPQLMAAFIKQRTAKYVANQPGMQPNRSISPSALQDLLRTLKSPSSPQQQQQVLNILKSNPQLMAAFIKQRTAKYVANQPGMQPNRSISPSALQDLLRTLKSPSSPQQQQQVLNILKSNPQLMAAFIKQRTAKYVANQPGMQPNRSISPSALQDLLRTLKSPSSPQQQQQVLNILKSNPQLMAAFIKQRTAKYVANQPGMQPNRSISPSALQDLLRTLKSPSSPQQQQQVLNILKSNPQLMAAFIKQRTAKYVANQPGMQPNRSISPSALQDLLRTLKSPSSPQQQQQVLNILKSNPQLMAAFIKQRTAKYVANQPGMQPNRSISPSALQDLLRTLKSPSSPQQQQQVLNILKSNPQLMAAFIKQRTAKYVANQPGMQPNRSISPSALQDLLRTLKSPSSPQQQQQVLNILKSNPQLMAAFIKQRTAKYVANQPGMQPNRSISPSALQDLLRTLKSPSSPQQQQQVLNILKSNPQLMAAFIKQRTAKYVANQPGMQPNRSISPSALQDLLRTLKSPSSPQQQQQVLNILKSNPQLMAAFIKQRTAKYVANQPGMQPNRSISPSALQDLLRTLKSPSSPQQQQQVLNILKSNPQLMAAFIKQRTAKYVANQPGMQPNRSISPSALQDLLRTLKSPSSPQQQQQVLNILKSNPQLMAAFIKQRTAKYVANQPGMQPNRSISPSALQDLLRTLKSPSSPQQQQQVLNILKSNPQLMAAFIKQRTAKYVANQPGMQPNRSISPSALQDLLRTLKSPSSPQQQQQVLNILKSNPQLMAAFIKQRTAKYVANQPGMQPNRSISPSALQDLLRTLKSPSSPQQQQQVLNILKSNPQLMAAFIKQRTAKYVANQPGMQPNRSISPSALQDLLRTLKSPSSPQQQQQVLNILKSNPQLMAAFIKQRTAKYVANQPGMQPNRSISPSALQDLLRTLKSPSSPQQQQQALNILKSNPQLMAAFIKQRTAKWVANQPGMQ,8,0.5639603820139233,15.096493297348182,14.53253291533426,-0.27804537587338907,0.5156503617739576,0.7936957376473467
456,PNRSISPSALQDLLRTLKSPSSPQQQQQVLNILKSNPQLMAAFIKQRTAKYVANQPGMQPNRSISPSALQDLLRTLKSPSSPQQQQQVLNILKSNPQLMAAFIKQRTAKYVANQPGMQPNRSISPSALQDLLRTLKSPSSPQQQQQVLNILKSNPQLMAAFIKQRTAKYVANQPGMQPNRSISPSALQDLLRTLKSPSSPQQQQQVLNILKSNPQLMAAFIKQRTAKYVANQPGMQPNRSISPSALQDLLRTLKSPSSPQQQQQVLNILKSNPQLMAAFIKQRTAKYVANQPGMQPNRSISPSALQDLLRTLKSPSSPQQQQQVLNILKSNPQLMAAFIKQRTAKYVANQPGMQPNRSISPSALQDLLRTLKSPSSPQQQQQVLNILKSNPQLMAAFIKQRTAKYVANQPGMQPNRSISPSALQDLLRTLKSPSSPQQQQQVLNILKSNPQLMAAFIKQRTAKYVANQPGMQPNRSISPSALQDLLRTLKSPSSPQQQQQVLNILKSNPQLMAAFIKQRTAKYVANQPGMQPNRSISPSALQDLLRTLKSPSSPQQQQQVLNILKSNPQLMAAFIKQRTAKYVANQPGMQPNRSISPSALQDLLRTLKSPSSPQQQQQVLNILKSNPQLMAAFIKQRTAKYVANQPGMQPNRSISPSALQDLLRTLKSPSSPQQQQQVLNILKSNPQLMAAFIKQRTAKYVANQPGMQPNRSISPSALQDLLRTLKSPSSPQQQQQVLNILKSNPQLMAAFIKQRTAKYVANQPGMQPNRSISPSALQDLLRTLKSPSSPQQQQQVLNILKSNPQLMAAFIKQRTAKYVANQPGMQPNRSISPSALQDLLRTLKSPSSPQQQQQVLNILKSNPQLMAAFIKQRTAKYVANQPGMQPNRSISPSALQDLLRTLKSPSSPQQQQQVLNILKSNPQLMAAFIKQRTAKYVANQPGMQPNRSISPSALQDLLRTLKSPSSPQQQQQVLNILKSNPQLMAAFIKQRTAKYVANQPGMQPNRSISPSALQDLLRTLKSPSSPQQQQQVLNILKSNPQLMAAFIKQRTAKYVANQPGMQPNRSISPSALQDLLRTLKSPSSPQQQQQVLNILKSNPQLMAAFIKQRTAKYVANQPGMQPNRSISPSALQDLLRTLKSPSSPQQQQQVANILKSNPQLMAAFIKQRTAKWVANQPGMQ,7,0.34279804823444066,15.513743041054779,15.170944992820338,-0.3420087456818157,0.2576171823536936,0.5996259280355093
456,PNRSISPSALQDLLRTLKSPSSPQQQQQVLNILKSNPQLMAAFIKQRTAKYVANQPGMQPNRSISPSALQDLLRTLKSPSSPQQQQQVLNILKSNPQLMAAFIKQRTAKYVANQPGMQPNRSISPSALQDLLRTLKSPSSPQQQQQVLNILKSNPQLMAAFIKQRTAKYVANQPGMQPNRSISPSALQDLLRTLKSPSSPQQQQQVLNILKSNPQLMAAFIKQRTAKYVANQPGMQPNRSISPSALQDLLRTLKSPSSPQQQQQVLNILKSNPQLMAAFIKQRTAKYVANQPGMQPNRSISPSALQDLLRTLKSPSSPQQQQQVLNILKSNPQLMAAFIKQRTAKYVANQPGMQPNRSISPSALQDLLRTLKSPSSPQQQQQVLNILKSNPQLMAAFIKQRTAKYVANQPGMQPNRSISPSALQDLLRTLKSPSSPQQQQQVLNILKSNPQLMAAFIKQRTAKYVANQPGMQPNRSISPSALQDLLRTLKSPSSPQQQQQVLNILKSNPQLMAAFIKQRTAKYVANQPGMQPNRSISPSALQDLLRTLKSPSSPQQQQQVLNILKSNPQLMAAFIKQRTAKYVANQPGMQPNRSISPSALQDLLRTLKSPSSPQQQQQVLNILKSNPQLMAAFIKQRTAKYVANQPGMQPNRSISPSALQDLLRTLKSPSSPQQQQQVLNILKSNPQLMAAFIKQRTAKYVANQPGMQPNRSISPSALQDLLRTLKSPSSPQQQQQVLNILKSNPQLMAAFIKQRTAKYVANQPGMQPNRSISPSALQDLLRTLKSPSSPQQQQQVLNILKSNPQLMAAFIKQRTAKYVANQPGMQPNRSISPSALQDLLRTLKSPSSPQQQQQVLNILKSNPQLMAAFIKQRTAKYVANQPGMQPNRSISPSALQDLLRTLKSPSSPQQQQQVLNILKSNPQLMAAFIKQRTAKYVANQPGMQPNRSISPSALQDLLRTLKSPSSPQQQQQVLNILKSNPQLMAAFIKQRTAKYVANQPGMQPNRSISPSALQDLLRTLKSPSSPQQQQQVLNILKSNPQLMAAFIKQRTAKYVANQPGMQPNRSISPSALQDLLRTLKSPSSPQQQQQVLNILKSNPQLMAAFIKQRTAKYVANQPGMQPNRSISPSALQDLLRTLKSPSSPQQQQQVLNILKSNPQAMAAFIKQRTAKWVANQPGMQ,5,0.6236784231998581,15.675522240684437,15.05184381748458,0.07335037953408402,0.433410684667226,0.36006030513314197
456,PNRSISPSALQDLLRTLKSPSSPQQQQQVLNILKSNPQLMAAFIKQRTAKYVANQPGMQPNRSISPSALQDLLRTLKSPSSPQQQQQVLNILKSNPQLMAAFIKQRTAKYVANQPGMQPNRSISPSALQDLLRTLKSPSSPQQQQQVLNILKSNPQLMAAFIKQRTAKYVANQPGMQPNRSISPSALQDLLRTLKSPSSPQQQQQVLNILKSNPQLMAAFIKQRTAKYVANQPGMQPNRSISPSALQDLLRTLKSPSSPQQQQQVLNILKSNPQLMAAFIKQRTAKYVANQPGMQPNRSISPSALQDLLRTLKSPSSPQQQQQVLNILKSNPQLMAAFIKQRTAKYVANQPGMQPNRSISPSALQDLLRTLKSPSSPQQQQQVLNILKSNPQLMAAFIKQRTAKYVANQPGMQPNRSISPSALQDLLRTLKSPSSPQQQQQVLNILKSNPQLMAAFIKQRTAKYVANQPGMQPNRSISPSALQDLLRTLKSPSSPQQQQQVLNILKSNPQLMAAFIKQRTAKYVANQPGMQPNRSISPSALQDLLRTLKSPSSPQQQQQVLNILKSNPQLMAAFIKQRTAKYVANQPGMQPNRSISPSALQDLLRTLKSPSSPQQQQQVLNILKSNPQLMAAFIKQRTAKYVANQPGMQPNRSISPSALQDLLRTLKSPSSPQQQQQVLNILKSNPQLMAAFIKQRTAKYVANQPGMQPNRSISPSALQDLLRTLKSPSSPQQQQQVLNILKSNPQLMAAFIKQRTAKYVANQPGMQPNRSISPSALQDLLRTLKSPSSPQQQQQVLNILKSNPQLMAAFIKQRTAKYVANQPGMQPNRSISPSALQDLLRTLKSPSSPQQQQQVLNILKSNPQLMAAFIKQRTAKYVANQPGMQPNRSISPSALQDLLRTLKSPSSPQQQQQVLNILKSNPQLMAAFIKQRTAKYVANQPGMQPNRSISPSALQDLLRTLKSPSSPQQQQQVLNILKSNPQLMAAFIKQRTAKYVANQPGMQPNRSISPSALQDLLRTLKSPSSPQQQQQVLNILKSNPQLMAAFIKQRTAKYVANQPGMQPNRSISPSALQDLLRTLKSPSSPQQQQQVLNILKSNPQLMAAFIKQRTAKYVANQPGMQPNRSISPSALQDLLRTLKSPSSPQQQQQVLNILKSNPQLMAGFIKQRTAKWVANQPGMQ,8,0.9286058583229818,14.542315121407384,13.613709263084402,-0.2632249291583821,0.5614868932808208,0.8247118224392029
456,PNRSISPSALQDLLRTLKSPSSPQQQQQVLNILKSNPQLMAAFIKQRTAKYVANQPGMQPNRSISPSALQDLLRTLKSPSSPQQQQQVLNILKSNPQLMAAFIKQRTAKYVANQPGMQPNRSISPSALQDLLRTLKSPSSPQQQQQVLNILKSNPQLMAAFIKQRTAKYVANQPGMQPNRSISPSALQDLLRTLKSPSSPQQQQQVLNILKSNPQLMAAFIKQRTAKYVANQPGMQPNRSISPSALQDLLRTLKSPSSPQQQQQVLNILKSNPQLMAAFIKQRTAKYVANQPGMQPNRSISPSALQDLLRTLKSPSSPQQQQQVLNILKSNPQLMAAFIKQRTAKYVANQPGMQPNRSISPSALQDLLRTLKSPSSPQQQQQVLNILKSNPQLMAAFIKQRTAKYVANQPGMQPNRSISPSALQDLLRTLKSPSSPQQQQQVLNILKSNPQLMAAFIKQRTAKYVANQPGMQPNRSISPSALQDLLRTLKSPSSPQQQQQVLNILKSNPQLMAAFIKQRTAKYVANQPGMQPNRSISPSALQDLLRTLKSPSSPQQQQQVLNILKSNPQLMAAFIKQRTAKYVANQPGMQPNRSISPSALQDLLRTLKSPSSPQQQQQVLNILKSNPQLMAAFIKQRTAKYVANQPGMQPNRSISPSALQDLLRTLKSPSSPQQQQQVLNILKSNPQLMAAFIKQRTAKYVANQPGMQPNRSISPSALQDLLRTLKSPSSPQQQQQVLNILKSNPQLMAAFIKQRTAKYVANQPGMQPNRSISPSALQDLLRTLKSPSSPQQQQQVLNILKSNPQLMAAFIKQRTAKYVANQPGMQPNRSISPSALQDLLRTLKSPSSPQQQQQVLNILKSNPQLMAAFIKQRTAKYVANQPGMQPNRSISPSALQDLLRTLKSPSSPQQQQQVLNILKSNPQLMAAFIKQRTAKYVANQPGMQPNRSISPSALQDLLRTLKSPSSPQQQQQVLNILKSNPQLMAAFIKQRTAKYVANQPGMQPNRSISPSALQDLLRTLKSPSSPQQQQQVLNILKSNPQLMAAFIKQRTAKYVANQPGMQPNRSISPSALQDLLRTLKSPSSPQQQQQVLNILKSNPQLMAAFIKQRTAKYVANQPGMQPNRSISPSALQDLLRTLKSPSSPQQQQQVLNILKSNPQLMAAFVKQRTAKWVANQPGMQ,8,0.9977230509976025,14.497644541755086,13.499921490757483,-0.28069071892115127,0.531151832352347,0.8118425512734982
456,PNRSISPSALQDLLRTLKSPSSPQQQQQVLNILKSNPQLMAAFIKQRTAKYVANQPGMQPNRSISPSALQDLLRTLKSPSSPQQQQQVLNILKSNPQLMAAFIKQRTAKYVANQPGMQPNRSISPSALQDLLRTLKSPSSPQQQQQVLNILKSNPQLMAAFIKQRTAKYVANQPGMQPNRSISPSALQDLLRTLKSPSSPQQQQQVLNILKSNPQLMAAFIKQRTAKYVANQPGMQPNRSISPSALQDLLRTLKSPSSPQQQQQVLNILKSNPQLMAAFIKQRTAKYVANQPGMQPNRSISPSALQDLLRTLKSPSSPQQQQQVLNILKSNPQLMAAFIKQRTAKYVANQPGMQPNRSISPSALQDLLRTLKSPSSPQQQQQVLNILKSNPQLMAAFIKQRTAKYVANQPGMQPNRSISPSALQDLLRTLKSPSSPQQQQQVLNILKSNPQLMAAFIKQRTAKYVANQPGMQPNRSISPSALQDLLRTLKSPSSPQQQQQVLNILKSNPQLMAAFIKQRTAKYVANQPGMQPNRSISPSALQDLLRTLKSPSSPQQQQQVLNILKSNPQLMAAFIKQRTAKYVANQPGMQPNRSISPSALQDLLRTLKSPSSPQQQQQVLNILKSNPQLMAAFIKQRTAKYVANQPGMQPNRSISPSALQDLLRTLKSPSSPQQQQQVLNILKSNPQLMAAFIKQRTAKYVANQPGMQPNRSISPSALQDLLRTLKSPSSPQQQQQVLNILKSNPQLMAAFIKQRTAKYVANQPGMQPNRSISPSALQDLLRTLKSPSSPQQQQQVLNILKSNPQLMAAFIKQRTAKYVANQPGMQPNRSISPSALQDLLRTLKSPSSPQQQQQVLNILKSNPQLMAAFIKQRTAKYVANQPGMQPNRSISPSALQDLLRTLKSPSSPQQQQQVLNILKSNPQLMAAFIKQRTAKYVANQPGMQPNRSISPSALQDLLRTLKSPSSPQQQQQVLNILKSNPQLMAAFIKQRTAKYVANQPGMQPNRSISPSALQDLLRTLKSPSSPQQQQQVLNILKSNPQLMAAFIKQRTAKYVANQPGMQPNRSISPSALQDLLRTLKSPSSPQQQQQVLNILKSNPQLMAAFIKQRTAKYVANQPGMQPNRSISPSALQDLLRTLKSPSSPQQQQQVLNILKSNPQLMAAFIKQRTAKWAANQPGMQ,8,1.0683353057365563,14.45704347251966,13.388708166783104,-0.3520455685310413,0.6423969921796198,0.9944425607106611
456,PNRSISPSALQDLLRTLKSPSSPQQQQQVLNILKSNPQLMAAFIKQRTAKYVANQPGMQPNRSISPSALQDLLRTLKSPSSPQQQQQVLNILKSNPQLMAAFIKQRTAKYVANQPGMQPNRSISPSALQDLLRTLKSPSSPQQQQQVLNILKSNPQLMAAFIKQRTAKYVANQPGMQPNRSISPSALQDLLRTLKSPSSPQQQQQVLNILKSNPQLMAAFIKQRTAKYVANQPGMQPNRSISPSALQDLLRTLKSPSSPQQQQQVLNILKSNPQLMAAFIKQRTAKYVANQPGMQPNRSISPSALQDLLRTLKSPSSPQQQQQVLNILKSNPQLMAAFIKQRTAKYVANQPGMQPNRSISPSALQDLLRTLKSPSSPQQQQQVLNILKSNPQLMAAFIKQRTAKYVANQPGMQPNRSISPSALQDLLRTLKSPSSPQQQQQVLNILKSNPQLMAAFIKQRTAKYVANQPGMQPNRSISPSALQDLLRTLKSPSSPQQQQQVLNILKSNPQLMAAFIKQRTAKYVANQPGMQPNRSISPSALQDLLRTLKSPSSPQQQQQVLNILKSNPQLMAAFIKQRTAKYVANQPGMQPNRSISPSALQDLLRTLKSPSSPQQQQQVLNILKSNPQLMAAFIKQRTAKYVANQPGMQPNRSISPSALQDLLRTLKSPSSPQQQQQVLNILKSNPQLMAAFIKQRTAKYVANQPGMQPNRSISPSALQDLLRTLKSPSSPQQQQQVLNILKSNPQLMAAFIKQRTAKYVANQPGMQPNRSISPSALQDLLRTLKSPSSPQQQQQVLNILKSNPQLMAAFIKQRTAKYVANQPGMQPNRSISPSALQDLLRTLKSPSSPQQQQQVLNILKSNPQLMAAFIKQRTAKYVANQPGMQPNRSISPSALQDLLRTLKSPSSPQQQQQVLNILKSNPQLMAAFIKQRTAKYVANQPGMQPNRSISPSALQDLLRTLKSPSSPQQQQQVLNILKSNPQLMAAFIKQRTAKYVANQPGMQPNRSISPSALQDLLRTLKSPSSPQQQQQVLNILKSNPQLMAAFIKQRTAKYVANQPGMQPNRSISPSALQDLLRTLKSPSSPQQQQQVLNILKSNPQLMAAFIKQRTAKYVANQPGMQPNRSISPSALQDLLRTLKSPSSPQQQQQVLNILKSNPQLMAAFIKQRTAKWVANQPGMQ,12,1.2599300335364267,14.24541930307658,12.985489269540153,-0.520090391071895,0.7315465997189361,1.2516369907908311
456,PQKVEVDIIDDNFILRVTFSFDYQKTGMDNWIKLSGCQNITSTKCNFSSLKLNVYEEIKLRIRAEKENTSSWYEVDSFTPFRKAQIGPPEVHLEAEDKAIVIHISPGTKDSVMWALDGLSFTYSLVIWKNSSGVEERIENIYSRHKIYKLSPETTYCLKVKAALLTSWKIGVYSPVHCIKTTVENELPPPENIEVSVQNQNYVLKWDYTYANMTFQVQWLHAFLKRNPGNYKWKQIPDCENVKTTQCVFPQNVFQKGIYLLRVQASDGNNTSFWSEEIKFDTEIQ,58,0.4995698239496954,4.078270058937074,3.5787002349873784,0.7922224425294889,-0.7369757192651905,-1.5291981617946795
456,PQLCKFCDVRFSTCDNQKSCMSNCSITSICEKPQEVCVAVWRKNDENITLETVCHDPKLPYHDFILEDAASPKCIMKEKKKPGETFFMCSCSSDECNDNIIFSEEY,6,1.4267613802293306,1.729341303009552,0.3025799227802213,0.3740593292413738,0.5549645663622095,0.18090523712083567
456,PRVVPDQRSKFENEEFFRKLSRECEIKYTGFRDRPHEERQARFQNACRDGRSEIAFVATGTNLSLQFFPASWRQTPSREYVDLEREAGKVYLKAPMILNGVCVIWKGWIDLQRLDGMGCLEFDEERAQQE,17,0.5939725008186781,2.696390786940026,2.102418286121348,-0.16389241447123565,0.10909777623753653,0.2729901907087722
456,PSVFLFPPKPKDTLMISRTPEVTCVVVDVSHEDPQVKFNWYVDGVQVHNAKTKPREQQYNSTYRVVSVLTVLHQNWLDGKEYKCKVSNKALPAPIEKTISKAKGQPREPQVYTLPPSREEMTKNQVSLTCLVKGFYPSDIAVEWESNGQPENNYKTTPPVLDSDGSFFLYSKLTVDKSRWQQGNVFSCSVMHEALHNHYTQKSLSLS,24,1.3596657692322334,1.5267602251871242,0.1670944559548908,0.8038811351798514,0.14951047015744948,-0.6543706650224019
456,QDNSAYTHFLTQHYDAKPQGRDDRYCESIMRRRGLTSPCKDINTFIHGNKRSIKAICENKNGNPHRENLRISKSSFQVTTCKLHGGSPWPPCQYRATAGFRNVVVACENGLPVHLDQSIFRRP,5,3.8899753239643853,4.569586130151745,0.6796108061873594,-0.299943435555651,-0.7848603502638403,-0.48491691470818926
456,QDNSRYTHFLTQHYDAKPQGRDDRYCESIMRRRGLTSPCGDINTFIHGNKRSIKAICENKNGNPHRENLRISKSSFQVTTCKLHGGSPWPPCQYRATAGFRNVVVACENGLPVHLDQSIFRRP,6,2.921192470190564,5.014607630327755,2.0934151601371913,-0.8227139037409097,-0.9371180735331733,-0.11440416979226364
456,QDNSRYTHFLTQHYDAKPQGRDDRYCESIMRRRGLTSPCKDINTFIHGNKRSIKAICENKNGNPHRENLRISKSSFQVTTCKLHGGSPWPPCQYRATAGFRNVVVACENGLPVHLDQSIFRRP,22,1.524954702431877,8.283750516482646,6.758795814050769,-0.30473916626838254,-0.46728158962052224,-0.1625424233521397
456,QFAR,9,0.4417434632109499,4.278058721532767,3.8363152583218167,0.3159295176621685,-0.2085346210735195,-0.524464138735688
456,QIAR,9,0.41755096078633364,3.5813210607485413,3.163770099962208,0.15826563099355573,-0.1571230028082662,-0.3153886338018219
456,QKAR,9,0.49428568008367535,3.219965201640943,2.7256795215572676,-0.025513225174247832,-0.3584445391661336,-0.3329313139918858
456,QLAR,9,0.4488762424480173,3.085874151331498,2.6369979088834805,0.2785293254981744,-0.5072465184880822,-0.7857758439862566
456,QLDIVIVLDGSNSIYPWESVIAFLNDLLKRMDIGPKQTQVGIVQYGENVTHEFNLNKYSSTEEVLVAANKIVQRGGRQTMTALGIDTARKEAFTEARGARRGVKKVMVIVTDGESHDNYRLKQVIQDCEDENIQRFSIAILGHYNLSTEKFVEEIKSIASEPTEKHFFNVSDELALVTIVKALGERIF,71,0.7804107071870415,5.581879157316969,4.801468450129928,-0.06322072498030551,-0.15189934930031176,-0.08867862432000626
456,QLINTNGSWHV,7,0.30993479930747536,3.1905195280430325,2.880584728735557,,,
456,QLINTNGSWHVN,5,0.26902278642032934,3.091624904804082,2.8226021183837524,,,
456,QTAR,11,0.41157241778619574,4.014917603327224,3.6033451855410283,0.661369068728675,-0.5792286399795955,-1.2405977087082705
456,QVEQSPSALSLHEGTGSALRCNFTTTMRAVQWFQQNSRGSLINLFYLASGTKENGRLKSTFNSKESYSTLHIRDAQLEDSGTYFCAALRATGGNNKLTFGQGTVLSVIPMKVIQTPRYLVKGQGQKAKMRCIPEKGHPVVFWYQQNKNNEFKFLINFQNQEVLQQIDMTEKRFSAECPSNSPCSLEIQSSEAGDSALYLCASSLNWSQDTQYFGPGTRLLVLE,18,0.6040449755598487,0.638515359052282,0.034470383492433254,0.24477384483028067,0.08647574956493348,-0.1582980952653472
456,QVQLVQSGAEVKKPGASVKLSCKASGYTFTAYSMHWVRQAPGQSLEWLGWINTAIGNTQYSQKFQDRVTITRDTSARTSYMELSSLRSGDTAVYFCARGASWDARGWSGYWGKGTLVTVSSASTKGPSVFPLAPGGTAALGCLVKDYFPEPVTVSWNSGALTSGVHTFPAVLQSSGLYSLSSVVTVPSSSLGTQTYICNVNHKPSNTKVDKRVEPDIQMTQSPDSLAVSLGERATINCKSSQSVFSSSTNKNYLAWYQQKPGQPPKVLIYWSSTRESGVPDRFSASGSGTDFTLTISSLQAADVAVYYCHQYYTAPWTFGQGTKVEIKRTVAAPSVFIFPPSDEQLKSGTASVVCLLNNFYPREAKVQWKVDNALQSGNSQESVTEQDSKDSTYSLSSTLTLSKADYEKHKVYACEVTHQGLSSPVTKSFNR,10,1.4875178825708992,3.5161452414501215,2.0286273588792225,0.4398167130347501,0.2536145421048551,-0.186202170929895
456,RDKRFHYDRNNIAVGADESVVKEAHREVINSSTEGLLLNIDKDIRKILSGYIVEIEDTEGLKEVINDRYDMLNISSLRQDGKTFIDFKKYNDKLPLYISNPNYKVNVYAVTKENTIINPSENGDTSTNGIKKILIFSKKGYEIG,5,0.3633554512723927,6.702769440920191,6.339413989647798,-0.9680454579311146,-0.9779868134835821,-0.009941355552467446
456,RPDFCLEPPYTGPCKARIIRYFYNAKAGLCQTFVYGGCRAKRNNFKSAEDCMRTCG,33,0.6392785881669486,3.5853561266833953,2.946077538516447,0.9751002588525277,-0.9493138131412564,-1.9244140719937841
456,SKKVNVLVVGLDNSGKTTIIERLKPRPRQAAEVAPTVGFTVDEVEKGPLTFTVFDMSGAGRYRTLWEQYYREADAVVFVVDSADKLRMVVARDEMEHMLKHSNMRKVPILYFANKKDLPVAMPPVEIAQALGLDDIKDRPWQIVPSNGLTGEGVDKGIDWLAERLS,8,0.28874516761918895,1.9364121076627356,1.6476669400435466,,,
456,SLNVRFDSRTMQLSWDCQEQTTFSKCFLTDKKNRVVEPRLECSCTFREICLHEGVTFEVHVQTSFQQKLLYPNSGREGTAAQNFSCFIYNADLMNCTWARGPTAPRDVQYFLYIRNSKRRREIRCPYYIQDSGTHVGCHLDNLSGLTSRNYFLVNGTSREIGIQFFDSLLDTKKIERFNPPSNVTVRCTHCLVRWKQPRTYQKLSYLDFQYQLDVHRKENLLINVSGDLENRYNFPSSEPRAKHSVKIRAADVRILNWSSWSEAIEF,32,1.0428566043153926,1.1417222027238474,0.09886559840845477,0.08257984868103126,-0.29608147244653715,-0.3786613211275684
456,SLTFKNFKKEKVPLDLEPSNTILETKTKLAQSISCEESQIKLIYSGKVLQDSKTVSECGLKDGDQVVFMVSQ,10,0.9843013458383878,1.715203320037796,0.7309019741994083,0.017026243370244568,-0.01878944780246869,-0.03581569117271326
456,SLVEAISLWNEGVLAADKKDWKGALDAFSAVQDPHSRICFNIGCMYTILKNMTEAEKAFTRSINRDKHLAVAYFQRGMLYYQTEKYDLAIKDLKEALIQLRGNQLIDYKILGLQFKLFACEVLYNIAFMYAKKEEWKKAEEQLALATSMKSEPRHSKIDKAMECVWKQKLYEPVVIPVGKLFRPN,7,1.0786730739566013,0.9872032301946632,-0.09146984376193812,0.11677980159825749,0.3321424470688005,0.21536264547054298
456,SRRLMKELEEIRKCGMKNFRNIQVDEANLLTWQGLIVPDNPPYDKGAFRIEINFPAEYPFKPPKITFKTKIYHPNIDEKGQVCLPVISAENWKPATKTDQVIQSLIALVNDPQPEHPLRADLAEEYSKDRKKFCKNAEEFTKKY,24,1.0492252800530668,5.116351348758875,4.067126068705808,-0.2134355571467336,0.09353012208270811,0.30696567922944173
456,SVPTPTNVTIESYNMNPIVYWEYQIMPQVPVFTVEVKNYGVKNSEWIDACINISHHYCNISDHVGDPSNSLWVRVKARVGQKESAYAKSEEFAVS,20,0.6800332938419651,6.9275596268670565,6.247526333025092,-0.3001312273199601,0.226430340881891,0.5265615682018512
456,SVQKFPGDANCDGIVDISDAVLIMQTMANPSKYQMTDKGRINADVTGNSDGVTVLDAQFIQSYCLGLVELPPVE,14,0.9230736539112636,6.858676541846402,5.935602887935139,-0.6115060043699709,0.7137886094793656,1.3252946138493367
456,TALRELIEELVNITQPLCNGSMVWSINLTAGMYCAALESLINVSGCSAIEKTQRMLSGFCPHKVSAGQFSSLHVRDTKIEVAQFVKDLLLHLKKLFR,13,0.790446086630693,7.606125556941019,6.815679470310326,-0.00949095476095152,0.6026483054620021,0.6121392602229536
456,TEFKAGSAKKGATLFKTRCLQCHTVEKGGPHKVGPNLHGIFGRHSGQAEGYSYTDANIKKNVLWDENNMSEYLTNPKKYIPGTKMAFGGLKKEKDRNDLITYLKKACE,8,1.575016265572309,1.5658885286027042,-0.009127736969604783,-0.55609609801857,0.04832882458039553,0.6044249225989655
456,TLPFLKCYCSGHCPDDAINNTCITNGHCFAIIEEDDQGETTLASGCMKYEGSDFQCKDSPKAQLRRTIECCRTNLCNQYLQPTLPP,25,0.9239059826890089,1.9209502910268352,0.9970443083378263,0.12308192365391377,0.07928311592419983,-0.04379880772971394
456,TMCYSHTTTSRAILTNCGENSCYRKSRRHPPKMVLGRGCGCPPGDDNLEVKCCTSPDKCNY,16,2.7740947691127067,3.025166897979204,0.2510721288664972,-0.03061187019769186,-0.31979226302424457,-0.2891803928265527
456,TQLDIVIVLDGSNSIYPWESVIAFLNDLLKRMDIGPKQTQVGIVQYGENVTHEFNLNKYSSTEEVLVAANKIVQRGGRQTMTALGIDTARKEAFTEARGARRGVKKVMVIVTDGESHDNYRLKQVIQDCEDENIQRFSIAILGTEKFVEEIKSIASEPTEKHFFNVSDELALVTIVKALGERIF,71,0.7673340052970193,6.036890068530499,5.2695560632334795,0.2846661611392787,-0.04762408255556431,-0.332290243694843
456,TQVCTGTDMKLRLPASPETHLDMLRHLYQGCQVVQGNLELTYLPTNASLSFLQDIQEVQGYVLIAHNQVRQVPLQRLRIVRGTQLFEDNYALAVLDNGDPLSPGGLRELQLRSLTEILKGGVLIQRNPQLCYQDTILWKDIFHKNNQLALTLIDTNRSRACHPCSPMCKGSRCWGESSEDCQSLTRTVCAGGCARCKGPLPTDCCHEQCAAGCTGPKHSDCLACLHFNHSGICELHCPALVTYNTDTFESMPNPEGRYTFGASCVTACPYNYLSTDVGSCTLVCPLHNQEVTATQRCEKCSKPCARVCYGLGMEHLREVRAVTSANIQEFAGCKKIFGSLAFLPESFDSNTAPLQPEQLQVFETLEEITGYLYISAWPDSLPDLSVFQNLQVIRGRILHNGAYSLTLQGLGISWLGLRSLRELGSGLALIHHNTHLCFVHTVPWDQLFRNPHQALLHTANRPEDECVGEGLACHQLCARGHCWGPGPTQCVNCSQFLRGQECVEECRVLQGLPREYVNARHCLPCHPECQPQNGSVTCFGPEADQCVACAHYKDPPFCVARCPSIWKFPDEEGACQPCPIN,11,0.7590714394888542,4.117422630781573,3.358351191292719,0.22838305231265213,0.50719044176107,0.2788073894484179
456,TQVCTGTDMKLRLPASPETHLDMLRHLYQGCQVVQGNLELTYLPTNASLSFLQDIQEVQGYVLIAHNQVRQVPLQRLRIVRGTQLFEDNYALAVLDNGDPSPGGLRELQLRSLTEILKGGVLIQRNPQLCYQDTILWKDIFHKNNQLALTLIDTNRSRACHPCSPMCKGSRCWGESSEDCQSLTRTVCAGGCARCKGPLPTDCCHEQCAAGCTGPKHSDCLACLHFNHSGICELHCPALVTYNTDTFESMPNPEGRYTFGASCVTACPYNYLSTDVGSCTLVCPLHNQEVTAEDGTQRCEKCSKPCARVCYGLGMEHLREVRAVTSANIQEFAGCKKIFGSLAFLPESFDGNTAPLQPEQLQVFETLEEITGYLYISAWPDSLPDLSVFQNLQVIRGRILHNGAYSLTLQGLGISWLGLRSLRELGSGLALIHHNTHLCFVHTVPWDQLFRNPHQALLHTANRPEDECVGEGLACHQLCARGHCWGPGPTQCVNCSQFLRGQECVEECRVLQGLPREYVNARHCLPCHPECQPQNGSVTCFGPEADQCVACAHYKDPPFCVARCPSIWKFPDEEGACQPCPIN,7,0.9042276822619028,4.406760481689154,3.502532799427251,0.585861586158607,0.9690215902060575,0.38316000404745054
456,TSNTIAVFLPNKQRTVVNVRNGMSLHDCLMKALKVRGLQPECCAVFRLLHEHKGKKARLDWNTDAASLIGEELQVDFL,7,0.9160899772734099,0.9276718386789925,0.011581861405582594,-0.4030776332749373,0.34310301100066265,0.7461806442755999
456,TSNTIRVFLPNKQRAVVNVRNGMSLHDCLMKALKVRGLQPECCAVFRLLHEHKGKKARLDWNTDAASLIGEELQVDFL,8,0.540794735294256,1.17104549862346,0.6302507633292039,-0.7935292419064188,0.08445336004447491,0.8779826019508937
456,TSNTIRVFLPNKQRTAVNVRNGMSLHDCLMKALKVRGLQPECCAVFRLLHEHKGKKARLDWNTDAASLIGEELQVDFL,5,0.6338974065658446,1.7678154855583226,1.1339180789924779,-0.6740634135458439,0.7674133679344,1.4414767814802438
456,TSNTIRVFLPNKQRTVVNVRNGMSLHDCLMAALKVRGLQPECCAVFRLLHEHKGKKARLDWNTDAASLIGEELQVDFL,5,0.5371736060718181,0.9350576347466227,0.39788402867480466,-0.6824855597213821,0.530771074050608,1.2132566337719901
456,TSNTIRVFLPNKQRTVVNVRNGMSLHDCLMKALKVRGLQPECCAVFRLLHEHKGKKARLDWNTDAASLIGEELQVDFL,19,0.9842880951955837,2.125704635899902,1.1414165407043182,-0.3729295442129428,-0.045251045159152875,0.3276784990537899
456,TVAAYNLTWKSTNFKTILEWEPKPVNQVYTVQISTKSGDWKSKCFYTTDTECDLTDEIVKDVKQTYLARVFSYPAEPLYENSPEFTPYLETNLGQPTIQSFEQVGTKVNVTVEDERTLVRRNNTFLSLRDVFGKDLIYTLYYWSGKKTAKTNTNEFLIDVDKGENYCFSVQAVIPSRTVNRKSTDSPVECM,5,1.5741497988325246,3.267215894976419,1.6930660961438944,-0.13823064098783422,0.6566835257107875,0.7949141666986217
456,VAATSVVAWGGNNDWGEATVPAEAQSGVDAIAGGYFHGLALKGGKVLGWGANLNGQLTMPAATQSGVDAIAAGNYHSLALKDGEVIAWGGNEDGQTTVPAEARSGVDAIAAGAWASYALKDGKVIAWGDDSDGQTTVPAEAQSGVTALDGGVYTALAVKNGGVIAWGDNYFGQTTVPAEAQSGVDDVAGGIFHSLALKDGKVIAWGDNRYKQTTVPTEALSGVSAIASGEWYSLALKNGKVIAWGSSRTAPSSVQSGVSSIEAGPNAAYALKG,12,1.1460802187734491,4.056515080725093,2.9104348619516442,0.29707335633436016,0.07048514708259424,-0.22658820925176593
456,VDCSEYPKPACTLEYRPLCGSDNKTYGNKCNFCNAVVESNGTLTLSHFGKC,17,0.12416665358494273,2.1838948746713194,2.0597282210863765,0.9975133890061905,-0.9916284341583286,-1.989141823164519
456,VINTFDGVADYLQTYHKLPDNYITKSEAQALGWVASKGNLADVAPGKSIGGDIFSNREGKLPGKSGRTWREADINYTSGFRNSDRILYSSDWLIYKTTDHYQTFTKIR,6,4.124638604521822,5.09606166123061,0.9714230567087885,0.7311926385852607,0.6317085001851328,-0.09948413840012793
456,VPPSTALRELIEELVNITQNQKAPLCNGSMVWSINLTAGMYCAALESLINVSGCSAIEKTQRMLSGFCPHKVSAGQFSSLHVRDTKIEVAQFVKDLLLHLKKLFRE,8,1.5375556944948097,8.937791975611669,7.400236281116859,-0.703942815237568,0.5316147806056128,1.2355575958431808
456,VVKFMDVYQRSYCHPIETLVDIFQEYPDEIEYIFKPSCVPLMRCGGCCNDEGLECVPTEESNITMQIMRIKPHQGQHIGEMSFLQHNKCECRPK,7,0.773139238790828,6.456315332319585,5.683176093528758,-0.8227030054251303,0.2790465116386076,1.101749517063738
456,VVKFMDVYQRSYCHPIETLVDIFQEYPDEIEYIFKPSCVPLMRCGGCCNDEGLECVPTEESNITMQIMRIKPHQGQHIGEMSFLQHNKCECRPKK,7,1.4041285037142732,5.619978437581387,4.215849933867114,0.23115345022741557,0.06279634244830315,-0.16835710777911242
456,VVKFMDVYQRSYCHPIETLVDIFQEYPDEIEYIFKPSCVPLMRCGGCCNDEGLECVPTEESNITMQIMRIKPHQGQHIGEMSFLQHNKCECRPKVVKFMDVYQRSYCHPIETLVDIFQEYPDEIEYIFKPSCVPLMRCGGCCNDEGLECVPTEESNITMQIMRIKPHQGQHIGEMSFLQHNKCECRPK,42,1.030147668112479,5.384412588905186,4.354264920792707,-0.22300123128090907,0.5485915713052701,0.7715928025861792
456,VWKDADTTLFCASDAKAHETEVHNVWATHACVPTDPNPQEIHLENVTENFNMWKNNMVEQMQEDVISLWDQSLQPCVKLTGGSVIKQACPKISFDPIPIHYCTPAGYVILKCNDKNFNGTGPCKNVSSVQCTHGIKPVVSTQLLLNGSLAEEEIIIRSENLTNNAKTIIVHLNKSVEINCTRPSNDIRKAYCEINGTKWNKVLKQVTEKLKEHFNNKTIIFQPPSGGDLEITMHHFNCRGEFFYCNTTQLFNNTCIGNMKGCNGTITLPCKIKQIINMWQGTGQAMYAPPIDGKINCVSNITGILLTRDGGANNTSNETFRPGGGNIKDNWRSELYKYKVVQIE,29,1.1070519271531738,3.5474693573638616,2.4404174302106876,0.2942785777453434,0.23712042420757382,-0.05715815353776957
456,VWKDADTTLFCASDAKAHETEVHNVWATHACVPTDPNPQEIHLENVTENFNMWKNNMVEQMQEDVISLWDQSLQPCVKLTGGSVIKQACPKISFDPIPIHYCTPAGYVILKCNDKNFNGTGPCKNVSSVQCTHGIKPVVSTQLLLNGSLAEEEIIIRSENLTNNAKTIIVHLNKSVEINCTRPSNGDIRKAYCEINGTKWNKVLKQVTEKLKEHFNNKTIIFQPPSGGDLEITMHHFNCRGEFFYCNTTQLFNNTCIGNETMKGCNGTITLPCKIKQIINMWQGTGQAMYAPPIDGKINCVSNITGILLTRDGGANNTSNETFRPGGGNIKDNWRSELYKYKVVQIE,46,0.8586015932663481,4.019638334557404,3.1610367412910554,-0.015394863102449516,0.2770970572527793,0.2924919203552288
456,VWKDADTTLFCASDAKAHETEVHNVWATHACVPTDPNPQEIHLENVTENFNMWKNNMVEQMQEDVISLWDQSLQPCVKLTGGSVIKQACPKISFDPIPIHYCTPAGYVILKCNDKNFNGTGPCKNVSSVQCTHGIKPVVSTQLLLNGSLAEEEIIIRSENLTNNAKTIIVHLNKSVEINCTRPSNGDIRKAYCEINGTKWNKVLKQVTEKLKEHFNNKTIIFQPPSGGDLEITMHHFNCRGEFFYCNTTQLFNNTCIGMKGCNGTITLPCKIKQIINMWQGTGQAMYAPPIDGKINCVSNITGILLTRDGGANNTSNETFRPGGGNIKDNWRSELYKYKVVQIE,26,0.7391101807434417,4.018388857830301,3.279278677086859,0.3422726290932681,0.2552008701849018,-0.08707175890836633
